PO_NUMBER,PO_REVISION_NUM,PO_DATE,PO_STATUS,PO_APPROVED_DATE,PO_REVISION_NUMBER,PO_VENDOR_NAME,PO_SHIP_LOCATION_CODE,PO_SHIP_ADDRESS_1,PO_SHIP_ADDRESS_2,PO_SHIP_ADDRESS_3,PO_SHIP_CITY,PO_SHIP_STATE,PO_SHIP_ZIP,PO_SHIP_COUNTRY,PO_VENDOR_CREATION_DATE,PO_REVISION_DATE,PO_PROMISE_DATE,PO_NEED_BY_DATE,PO_CREATED_BY,PO_BUYER_NAME,PO_LAST_UPDATE_DATE,PO_LINE_NUM,PO_LINE_LOCATION_ID,PO_QTY_ORDERED,PO_QTY_DELIVERED,PO_QTY_CANCEL,PO_AMT_INVOICED,PO_UNIT_PRICE,PO_LINE_LOCATION_STATUS,PO_HEADER_ID,PO_VENDOR_ID,PO_LINE_ID,PART_NUMBER,PART_DESCRIPTION,UNIT_OF_MEASURE,TRACKING_SHIPPING_DATE,TRACKING_UPDATE_DATE,PO_ORIGINAL_PROMISED_DATE,PO_TYPE,QUANTITY_RECEIVED,ESTIMATED_DELIVERED_DATE,PROMISED_DATE_CREATION_DATE,SALES_ORDER_NUMBER,VERIFICATION_DATE,PROMISE_DATE_UPDATE_DETAILS,PROMISE_DATE_ISSUES,PO_SHIPMENT_TYPE,ITEM_TYPE,CLIN,PO_SHIPMENT_NUM
1374495,2,2024-05-14 00:00:00,APPROVED CLOSED,2024-06-03 00:00:00,2,WORLD WIDE TECHNOLOGY  LLC,CACI INC FEDERAL,3611-E RAMSEY STREET,,CACI WAREHOUSE FACILITY,FAYETTEVILLE,NC,28311,US,2011-07-26 00:00:00,2024-06-03 00:00:00,2024-05-30 00:00:00,2024-06-13 00:00:00,LWATERMAN,"WATERMAN, LYNN",2024-06-04 00:00:00,3,7044171,3,3,0,1950.69,650.23,CLOSED,5265209,1564084,6510332,FPR1010-ASA-K9,FIREPOWER 1010 ASA APPLIANCE - DESKTOP,Each,FEDEX 739350012234  739350012245  739350012256,03-JUN-24,2024-05-30 00:00:00,STANDARD,3,2024-06-06 00:00:00,2024-05-28 00:00:00,1182474,,,,EXTERNAL,P,0001,3.1.1
1374495,2,2024-05-14 00:00:00,APPROVED CLOSED,2024-06-03 00:00:00,2,WORLD WIDE TECHNOLOGY  LLC,CACI INC FEDERAL,3611-E RAMSEY STREET,,CACI WAREHOUSE FACILITY,FAYETTEVILLE,NC,28311,US,2011-07-26 00:00:00,2024-06-03 00:00:00,2024-05-30 00:00:00,2024-06-13 00:00:00,LWATERMAN,"WATERMAN, LYNN",2024-06-04 00:00:00,2,7044172,3,3,0,722.07,240.69,CLOSED,5265209,1564084,6510331,CON-SNT-FPR1010A,FIREPOWER 1010 SRVC - 36MO,Each,FEDEX 739350012234  739350012245  739350012256,03-JUN-24,2024-05-30 00:00:00,STANDARD,3,2024-06-06 00:00:00,2024-05-28 00:00:00,1182474,,,,EXTERNAL,P,0002,2.1.1
1374495,2,2024-05-14 00:00:00,APPROVED CLOSED,2024-06-03 00:00:00,2,WORLD WIDE TECHNOLOGY  LLC,CACI INC FEDERAL,3611-E RAMSEY STREET,,CACI WAREHOUSE FACILITY,FAYETTEVILLE,NC,28311,US,2011-07-26 00:00:00,2024-06-03 00:00:00,2024-05-30 00:00:00,2024-06-13 00:00:00,LWATERMAN,"WATERMAN, LYNN",2024-06-04 00:00:00,1,7044173,3,3,0,1614.12,538.04,CLOSED,5265209,1564084,6510330,FPR1010-SEC-PL,FIREPOWER 1010; SEC PLUS LICENSE,Each,FEDEX 739350012234  739350012245  739350012256,03-JUN-24,2024-05-30 00:00:00,STANDARD,3,2024-06-06 00:00:00,2024-05-28 00:00:00,1182474,,,,EXTERNAL,P,0003,1.1.1
1383822,3,2024-06-20 00:00:00,APPROVED CLOSED,2024-07-17 00:00:00,3,INTELLISENSE SYSTEMS  INC.,NOSWC,2000 TRIDENT WAY,BLDG 624,NOSWC,SAN DIEGO,CA,92155,US,2018-06-01 00:00:00,2024-07-17 00:00:00,2024-07-17 00:00:00,2024-07-31 00:00:00,BJURGOVAN,"JURGOVAN, BRAXTYN",2024-07-23 00:00:00,1,7236272,2,2,0,698,349,CLOSED,5391056,4099484,6637047,7175-05410-20,AMWS CASE,Each,(2) UPS 1Z23WA900394673625,17-JUL-24,2024-07-17 00:00:00,STANDARD,2,2024-07-24 00:00:00,2024-07-16 00:00:00,1192435,2024-07-12 00:00:00,,,EXTERNAL,P,0004,1.1.1
1383822,3,2024-06-20 00:00:00,APPROVED CLOSED,2024-07-17 00:00:00,3,INTELLISENSE SYSTEMS  INC.,NOSWC,2000 TRIDENT WAY,BLDG 624,NOSWC,SAN DIEGO,CA,92155,US,2018-06-01 00:00:00,2024-07-17 00:00:00,2024-07-17 00:00:00,2024-07-31 00:00:00,BJURGOVAN,"JURGOVAN, BRAXTYN",2024-07-23 00:00:00,4,7236275,2,2,0,76194,38097,CLOSED,5391056,4099484,6637050,7175-01000-15-201-4099484,MWSM625 MILITARY ADVANCED MICRO WEATHER STATION PACKAGE DOD IRIDIUM SATELLITE COMMUNICATIONS COYOTE BROWN,Each,(2) UPS 1Z23WA900394673625,17-JUL-24,2024-07-17 00:00:00,STANDARD,2,2024-07-24 00:00:00,2024-07-16 00:00:00,1192435,2024-07-12 00:00:00,,,EXTERNAL,P,0001,4.1.1
1383822,3,2024-06-20 00:00:00,APPROVED CLOSED,2024-07-17 00:00:00,3,INTELLISENSE SYSTEMS  INC.,NOSWC,2000 TRIDENT WAY,BLDG 624,NOSWC,SAN DIEGO,CA,92155,US,2018-06-01 00:00:00,2024-07-17 00:00:00,2024-07-17 00:00:00,2024-07-31 00:00:00,BJURGOVAN,"JURGOVAN, BRAXTYN",2024-07-23 00:00:00,2,7236273,2,2,0,528,264,CLOSED,5391056,4099484,6637048,7175-02500-15,MWS POWER AND DATA CABLE 15FT,Each,(2) UPS 1Z23WA900394673625,17-JUL-24,2024-07-17 00:00:00,STANDARD,2,2024-07-24 00:00:00,2024-07-16 00:00:00,1192435,2024-07-12 00:00:00,,,EXTERNAL,P,0003,2.1.1
1383822,3,2024-06-20 00:00:00,APPROVED CLOSED,2024-07-17 00:00:00,3,INTELLISENSE SYSTEMS  INC.,NOSWC,2000 TRIDENT WAY,BLDG 624,NOSWC,SAN DIEGO,CA,92155,US,2018-06-01 00:00:00,2024-07-17 00:00:00,2024-07-17 00:00:00,2024-07-31 00:00:00,BJURGOVAN,"JURGOVAN, BRAXTYN",2024-07-23 00:00:00,3,7236274,2,2,0,2602,1301,CLOSED,5391056,4099484,6637049,7175-05800-20-4099484,RUGGED CARBON FIBER TRIPOD WITH MOUNTING AND STAKING KIT,Each,(2) UPS 1Z23WA900394673625,17-JUL-24,2024-07-17 00:00:00,STANDARD,2,2024-07-24 00:00:00,2024-07-16 00:00:00,1192435,2024-07-12 00:00:00,,,EXTERNAL,P,0002,3.1.1
1442709,3,2025-04-16 00:00:00,APPROVED,2026-02-27 00:00:00,3,TELEDYNE FLIR DEFENSE  INC.,JXQS VISUAL AUGMENTATION SYSTEMS BRANCH,300 HIGHWAY 361,BLDG 3324,,CRANE,IN,47522,US,2024-06-24 00:00:00,2026-02-27 00:00:00,2026-04-10 00:00:00,2025-10-13 00:00:00,CSTREIT,"STREIT, CANDACE",2026-02-27 00:00:00,7,8626953,4,2,0,8555.7,4277.85,OPEN,6691137,6890483,8010372,4110234ML-AD120-2837474,CABLE ASSEMBLY HCU EXT 3 METER LS MOLDED,Each,1ZRF06370140693630,27-FEB-26,2026-01-30 00:00:00,STANDARD,2,2026-04-17 00:00:00,2025-04-18 00:00:00,1266994,2026-03-05 00:00:00,,,EXTERNAL,P,"0003, 0003, 0003",7.1.1
1442709,3,2025-04-16 00:00:00,APPROVED,2026-02-27 00:00:00,3,TELEDYNE FLIR DEFENSE  INC.,JXQS VISUAL AUGMENTATION SYSTEMS BRANCH,300 HIGHWAY 361,BLDG 3324,,CRANE,IN,47522,US,2024-06-24 00:00:00,2026-02-27 00:00:00,2026-04-10 00:00:00,2025-10-13 00:00:00,CSTREIT,"STREIT, CANDACE",2026-02-27 00:00:00,2,8626948,4,2,0,38256.5,19128.25,OPEN,6691137,6890483,8010367,4202574-2-2837474,HAND CONTROL UNIT,Each,1ZRF06370140693630,27-FEB-26,2026-01-30 00:00:00,STANDARD,2,2026-04-17 00:00:00,2025-04-18 00:00:00,1266994,2026-03-05 00:00:00,,,EXTERNAL,P,"0002, 0002, 0002",2.1.1
1442709,3,2025-04-16 00:00:00,APPROVED,2026-02-27 00:00:00,3,TELEDYNE FLIR DEFENSE  INC.,JXQS VISUAL AUGMENTATION SYSTEMS BRANCH,300 HIGHWAY 361,BLDG 3324,,CRANE,IN,47522,US,2024-06-24 00:00:00,2026-02-27 00:00:00,2026-04-10 00:00:00,2025-10-13 00:00:00,CSTREIT,"STREIT, CANDACE",2026-02-27 00:00:00,3,8626949,4,2,0,9771.7,4885.85,OPEN,6691137,6890483,8010368,4140170-0360-2837474,CABLE ASSY TFU TO CEU FIBER VIDEO 30FT/9.1M LOW SMOKE 240EP/280HDEP,Each,1ZRF06370140693630,27-FEB-26,2026-01-30 00:00:00,STANDARD,2,2026-04-17 00:00:00,2025-04-18 00:00:00,1266994,2026-03-05 00:00:00,,,EXTERNAL,P,"0005, 0005, 0005",3.1.1
1442709,3,2025-04-16 00:00:00,APPROVED,2026-02-27 00:00:00,3,TELEDYNE FLIR DEFENSE  INC.,JXQS VISUAL AUGMENTATION SYSTEMS BRANCH,300 HIGHWAY 361,BLDG 3324,,CRANE,IN,47522,US,2024-06-24 00:00:00,2026-02-27 00:00:00,2026-01-30 00:00:00,2025-10-13 00:00:00,CSTREIT,"STREIT, CANDACE",2026-02-27 00:00:00,9,8626955,16,16,0,12555.2,784.7,CLOSED,6691137,6890483,8010374,4231069-0120-2837474,CABLE ASSY HD-SDI COAX SMC/BNC 10FT/3M 75 OHM,Each,1ZRF06370140693630,27-FEB-26,2026-01-30 00:00:00,STANDARD,16,2026-02-06 00:00:00,2025-04-18 00:00:00,1266994,2026-03-05 00:00:00,,,EXTERNAL,P,"0006, 0006, 0006",9.1.1
1442709,3,2025-04-16 00:00:00,APPROVED,2026-02-27 00:00:00,3,TELEDYNE FLIR DEFENSE  INC.,JXQS VISUAL AUGMENTATION SYSTEMS BRANCH,300 HIGHWAY 361,BLDG 3324,,CRANE,IN,47522,US,2024-06-24 00:00:00,2026-02-27 00:00:00,2026-04-10 00:00:00,2025-10-13 00:00:00,CSTREIT,"STREIT, CANDACE",2026-02-27 00:00:00,1,8626947,4,2,0,779389.5,389694.75,OPEN,6691137,6890483,8010366,29621-M11001-2837474,SEAFLIR 240-EP,Each,1ZRF06370140693630,27-FEB-26,2026-01-30 00:00:00,STANDARD,2,2026-04-17 00:00:00,2025-04-18 00:00:00,1266994,2026-03-05 00:00:00,,,EXTERNAL,P,"0001, 0001, 0001",1.1.1
1442709,3,2025-04-16 00:00:00,APPROVED,2026-02-27 00:00:00,3,TELEDYNE FLIR DEFENSE  INC.,JXQS VISUAL AUGMENTATION SYSTEMS BRANCH,300 HIGHWAY 361,BLDG 3324,,CRANE,IN,47522,US,2024-06-24 00:00:00,2026-02-27 00:00:00,2026-04-10 00:00:00,2025-10-13 00:00:00,CSTREIT,"STREIT, CANDACE",2026-02-27 00:00:00,4,8626950,4,1,0,3509.3,3509.3,OPEN,6691137,6890483,8010369,4225595LMS-0360-2837474,CABLE ASSEMBLY TFU PWR-IN 30 LS MOLDED 240,Each,1ZRF06370140693630,26-DEC-25,2026-01-30 00:00:00,STANDARD,1,2026-04-17 00:00:00,2025-04-18 00:00:00,1266994,2026-02-20 00:00:00,"REPORT SENT 2/18, 2/23, 2/25. EMAIL SENT 2/27",,EXTERNAL,P,"0009, 0009",4.1.1
1442709,3,2025-04-16 00:00:00,APPROVED,2026-02-27 00:00:00,3,TELEDYNE FLIR DEFENSE  INC.,JXQS VISUAL AUGMENTATION SYSTEMS BRANCH,300 HIGHWAY 361,BLDG 3324,,CRANE,IN,47522,US,2024-06-24 00:00:00,2026-02-27 00:00:00,2026-04-10 00:00:00,2025-10-13 00:00:00,CSTREIT,"STREIT, CANDACE",2026-02-27 00:00:00,5,8626951,4,2,0,9543.7,4771.85,OPEN,6691137,6890483,8010370,4107942MLS300-2837474,CABLE ASSEMBLY PWR IN 25 LS MOLDED 280,Each,1ZRF06370140693630,27-FEB-26,2026-01-30 00:00:00,STANDARD,2,2026-04-17 00:00:00,2025-04-18 00:00:00,1266994,2026-03-05 00:00:00,,,EXTERNAL,P,"0007, 0007, 0007",5.1.1
1442709,3,2025-04-16 00:00:00,APPROVED,2026-02-27 00:00:00,3,TELEDYNE FLIR DEFENSE  INC.,JXQS VISUAL AUGMENTATION SYSTEMS BRANCH,300 HIGHWAY 361,BLDG 3324,,CRANE,IN,47522,US,2024-06-24 00:00:00,2026-02-27 00:00:00,2026-04-10 00:00:00,2025-10-13 00:00:00,CSTREIT,"STREIT, CANDACE",2026-02-27 00:00:00,6,8626952,4,2,0,7923,3961.5,OPEN,6691137,6890483,8010371,4107939MS11011-180-2837474,CABLE ASSEMBLY DIGITAL DATA 4.5 METER MOLDED,Each,1ZRF06370140693630,27-FEB-26,2026-01-30 00:00:00,STANDARD,2,2026-04-17 00:00:00,2025-04-18 00:00:00,1266994,2026-03-05 00:00:00,,,EXTERNAL,P,"0004, 0004, 0004",6.1.1
1442709,3,2025-04-16 00:00:00,APPROVED,2026-02-27 00:00:00,3,TELEDYNE FLIR DEFENSE  INC.,JXQS VISUAL AUGMENTATION SYSTEMS BRANCH,300 HIGHWAY 361,BLDG 3324,,CRANE,IN,47522,US,2024-06-24 00:00:00,2026-02-27 00:00:00,2026-04-10 00:00:00,2025-10-13 00:00:00,CSTREIT,"STREIT, CANDACE",2026-02-27 00:00:00,8,8626954,4,2,0,1833.5,916.75,OPEN,6691137,6890483,8010373,4205624-2837474,CEU MOUNT INTERFACE PLATES,Each,1ZRF06370140693630,27-FEB-26,2026-01-30 00:00:00,STANDARD,2,2026-04-17 00:00:00,2025-04-18 00:00:00,1266994,2026-03-05 00:00:00,,,EXTERNAL,P,"0008, 0008, 0008",8.1.1
1457778,1,2025-06-27 00:00:00,APPROVED CLOSED,2025-06-30 00:00:00,1,J & R TOOL  INC.,NSWC CRANE,300 HWY 361 BLDG 41 NW,,,CRANE,IN,47522,US,2014-09-05 00:00:00,2025-06-30 00:00:00,2025-12-12 00:00:00,2025-12-12 00:00:00,LWATERMAN,"WATERMAN, LYNN",2025-12-23 00:00:00,1,8989567,1,1,0,2321.87,2321.87,CLOSED,7017190,2432472,8367453,DCP2B1000-2432472,MULTIBAND CASE ASSEMBLY,Each,,,2025-12-12 00:00:00,STANDARD,1,2025-12-19 00:00:00,2025-06-30 00:00:00,1282555,,,,EXTERNAL,P,0001,1.1.1
1457778,1,2025-06-27 00:00:00,APPROVED CLOSED,2025-06-30 00:00:00,1,J & R TOOL  INC.,NSWC CRANE,300 HWY 361 BLDG 41 NW,,,CRANE,IN,47522,US,2014-09-05 00:00:00,2025-06-30 00:00:00,2025-12-12 00:00:00,2025-12-12 00:00:00,LWATERMAN,"WATERMAN, LYNN",2025-12-23 00:00:00,12,8989578,1,1,0,7152.54,7152.54,CLOSED,7017190,2432472,8367464,DCP2T7100-2432472,MAST CASE ASSEMBLY,Each,SIGNED PS,26-SEP-25,2025-12-12 00:00:00,STANDARD,1,2025-12-19 00:00:00,2025-06-30 00:00:00,1282555,,,,EXTERNAL,P,0004,12.1.1
1457778,1,2025-06-27 00:00:00,APPROVED CLOSED,2025-06-30 00:00:00,1,J & R TOOL  INC.,NSWC CRANE,300 HWY 361 BLDG 41 NW,,,CRANE,IN,47522,US,2014-09-05 00:00:00,2025-06-30 00:00:00,2025-12-12 00:00:00,2025-12-12 00:00:00,LWATERMAN,"WATERMAN, LYNN",2025-12-23 00:00:00,8,8989574,1,1,0,8347.53,8347.53,CLOSED,7017190,2432472,8367460,DCP2T2000-2432472,ADAPTER CASE ASSEMBLY,Each,SIGNED PS,23-SEP-25,2025-12-12 00:00:00,STANDARD,1,2025-12-19 00:00:00,2025-06-30 00:00:00,1282555,,,,EXTERNAL,P,0017,8.1.1
1457778,1,2025-06-27 00:00:00,APPROVED CLOSED,2025-06-30 00:00:00,1,J & R TOOL  INC.,NSWC CRANE,300 HWY 361 BLDG 41 NW,,,CRANE,IN,47522,US,2014-09-05 00:00:00,2025-06-30 00:00:00,2025-12-12 00:00:00,2025-12-12 00:00:00,LWATERMAN,"WATERMAN, LYNN",2025-12-23 00:00:00,2,8989568,1,1,0,62870.24,62870.24,CLOSED,7017190,2432472,8367454,DCP2B2000-2432472,AMPLIFIER CASE ASSEMBLY,Each,SIGNED PS,26-SEP-25,2025-12-12 00:00:00,STANDARD,1,2025-12-19 00:00:00,2025-06-30 00:00:00,1282555,,,,EXTERNAL,P,0011,2.1.1
1457778,1,2025-06-27 00:00:00,APPROVED CLOSED,2025-06-30 00:00:00,1,J & R TOOL  INC.,NSWC CRANE,300 HWY 361 BLDG 41 NW,,,CRANE,IN,47522,US,2014-09-05 00:00:00,2025-06-30 00:00:00,2025-12-12 00:00:00,2025-12-12 00:00:00,LWATERMAN,"WATERMAN, LYNN",2025-12-23 00:00:00,4,8989570,1,1,0,348.97,348.97,CLOSED,7017190,2432472,8367456,DCP2B4100-2432472,HF RADIO CASE ASSEMBLY,Each,,,2025-12-12 00:00:00,STANDARD,1,2025-12-19 00:00:00,2025-06-30 00:00:00,1282555,,,,EXTERNAL,P,0013,4.1.1
1457778,1,2025-06-27 00:00:00,APPROVED CLOSED,2025-06-30 00:00:00,1,J & R TOOL  INC.,NSWC CRANE,300 HWY 361 BLDG 41 NW,,,CRANE,IN,47522,US,2014-09-05 00:00:00,2025-06-30 00:00:00,2025-12-12 00:00:00,2025-12-12 00:00:00,LWATERMAN,"WATERMAN, LYNN",2025-12-23 00:00:00,11,8989577,1,1,0,7695.25,7695.25,CLOSED,7017190,2432472,8367463,DCP2T4000-2432472,HEAVY ANTENNA CABLE CASE ASSEMBLY,Each,,,2025-12-12 00:00:00,STANDARD,1,2025-12-19 00:00:00,2025-06-30 00:00:00,1282555,,,,EXTERNAL,P,0003,11.1.1
1457778,1,2025-06-27 00:00:00,APPROVED CLOSED,2025-06-30 00:00:00,1,J & R TOOL  INC.,NSWC CRANE,300 HWY 361 BLDG 41 NW,,,CRANE,IN,47522,US,2014-09-05 00:00:00,2025-06-30 00:00:00,2025-12-12 00:00:00,2025-12-12 00:00:00,LWATERMAN,"WATERMAN, LYNN",2025-12-23 00:00:00,18,8989584,1,1,0,1366.05,1366.05,CLOSED,7017190,2432472,8367470,DCP2V6000-2432472,HEADSET CASE ASSEMBLY,Each,,,2025-12-12 00:00:00,STANDARD,1,2025-12-19 00:00:00,2025-06-30 00:00:00,1282555,,,,EXTERNAL,P,0010,18.1.1
1457778,1,2025-06-27 00:00:00,APPROVED CLOSED,2025-06-30 00:00:00,1,J & R TOOL  INC.,NSWC CRANE,300 HWY 361 BLDG 41 NW,,,CRANE,IN,47522,US,2014-09-05 00:00:00,2025-06-30 00:00:00,2025-12-12 00:00:00,2025-12-12 00:00:00,LWATERMAN,"WATERMAN, LYNN",2025-12-23 00:00:00,14,8989580,1,1,0,306.16,306.16,CLOSED,7017190,2432472,8367466,DCP2V2000-2432472,HF WHIP 2.000-29.999 MHZ ANTENNA ASSEMBLY,Each,SIGNED PS,28-AUG-25,2025-12-12 00:00:00,STANDARD,1,2025-12-19 00:00:00,2025-06-30 00:00:00,1282555,,,,EXTERNAL,P,0006,14.1.1
1457778,1,2025-06-27 00:00:00,APPROVED CLOSED,2025-06-30 00:00:00,1,J & R TOOL  INC.,NSWC CRANE,300 HWY 361 BLDG 41 NW,,,CRANE,IN,47522,US,2014-09-05 00:00:00,2025-06-30 00:00:00,2025-12-12 00:00:00,2025-12-12 00:00:00,LWATERMAN,"WATERMAN, LYNN",2025-12-23 00:00:00,15,8989581,1,1,0,306.16,306.16,CLOSED,7017190,2432472,8367467,DCP2V3000-2432472,NVIS 2.000-29.999 MHZ ANTENNA ASSEMBLY,Each,SIGNED PS,28-AUG-25,2025-12-12 00:00:00,STANDARD,1,2025-12-19 00:00:00,2025-06-30 00:00:00,1282555,,,,EXTERNAL,P,0007,15.1.1
1457778,1,2025-06-27 00:00:00,APPROVED CLOSED,2025-06-30 00:00:00,1,J & R TOOL  INC.,NSWC CRANE,300 HWY 361 BLDG 41 NW,,,CRANE,IN,47522,US,2014-09-05 00:00:00,2025-06-30 00:00:00,2025-12-12 00:00:00,2025-12-12 00:00:00,LWATERMAN,"WATERMAN, LYNN",2025-12-23 00:00:00,16,8989582,1,1,0,306.16,306.16,CLOSED,7017190,2432472,8367468,DCP2V4000-2432472,SATCOM ARRAY ANTENNA ASSEMBLY,Each,SIGNED PS,28-AUG-25,2025-12-12 00:00:00,STANDARD,1,2025-12-19 00:00:00,2025-06-30 00:00:00,1282555,,,,EXTERNAL,P,0008,16.1.1
1457778,1,2025-06-27 00:00:00,APPROVED CLOSED,2025-06-30 00:00:00,1,J & R TOOL  INC.,NSWC CRANE,300 HWY 361 BLDG 41 NW,,,CRANE,IN,47522,US,2014-09-05 00:00:00,2025-06-30 00:00:00,2025-12-12 00:00:00,2025-12-12 00:00:00,LWATERMAN,"WATERMAN, LYNN",2025-12-23 00:00:00,3,8989569,1,1,0,8974.51,8974.51,CLOSED,7017190,2432472,8367455,DCP2B3000-2432472,COMMUNICATION CASE ASSEMBLY,Each,SIGNED PS,23-SEP-25,2025-12-12 00:00:00,STANDARD,1,2025-12-19 00:00:00,2025-06-30 00:00:00,1282555,,,,EXTERNAL,P,0012,3.1.1
1457778,1,2025-06-27 00:00:00,APPROVED CLOSED,2025-06-30 00:00:00,1,J & R TOOL  INC.,NSWC CRANE,300 HWY 361 BLDG 41 NW,,,CRANE,IN,47522,US,2014-09-05 00:00:00,2025-06-30 00:00:00,2025-12-12 00:00:00,2025-12-12 00:00:00,LWATERMAN,"WATERMAN, LYNN",2025-12-23 00:00:00,5,8989571,1,1,0,348.97,348.97,CLOSED,7017190,2432472,8367457,DCP2B4200-2432472,HF COUPLER CASE ASSEMBLY,Each,,,2025-12-12 00:00:00,STANDARD,1,2025-12-19 00:00:00,2025-06-30 00:00:00,1282555,,,,EXTERNAL,P,0014,5.1.1
1457778,1,2025-06-27 00:00:00,APPROVED CLOSED,2025-06-30 00:00:00,1,J & R TOOL  INC.,NSWC CRANE,300 HWY 361 BLDG 41 NW,,,CRANE,IN,47522,US,2014-09-05 00:00:00,2025-06-30 00:00:00,2025-12-12 00:00:00,2025-12-12 00:00:00,LWATERMAN,"WATERMAN, LYNN",2025-12-23 00:00:00,10,8989576,1,1,0,26047.24,26047.24,CLOSED,7017190,2432472,8367462,DCP2T3200-2432472,AGILE LIGHT ANTENNA CASE ASSEMBLY,Each,SIGNED PS,23-SEP-25,2025-12-12 00:00:00,STANDARD,1,2025-12-19 00:00:00,2025-06-30 00:00:00,1282555,,,,EXTERNAL,P,0002,10.1.1
1457778,1,2025-06-27 00:00:00,APPROVED CLOSED,2025-06-30 00:00:00,1,J & R TOOL  INC.,NSWC CRANE,300 HWY 361 BLDG 41 NW,,,CRANE,IN,47522,US,2014-09-05 00:00:00,2025-06-30 00:00:00,2025-12-12 00:00:00,2025-12-12 00:00:00,LWATERMAN,"WATERMAN, LYNN",2025-12-23 00:00:00,6,8989572,1,1,0,222.43,222.43,CLOSED,7017190,2432472,8367458,DCP2B4300-2432472,HF ANTENNA MOUNT ASSEMBLY,Each,,,2025-12-12 00:00:00,STANDARD,1,2025-12-19 00:00:00,2025-06-30 00:00:00,1282555,,,,EXTERNAL,P,0015,6.1.1
1457778,1,2025-06-27 00:00:00,APPROVED CLOSED,2025-06-30 00:00:00,1,J & R TOOL  INC.,NSWC CRANE,300 HWY 361 BLDG 41 NW,,,CRANE,IN,47522,US,2014-09-05 00:00:00,2025-06-30 00:00:00,2025-12-12 00:00:00,2025-12-12 00:00:00,LWATERMAN,"WATERMAN, LYNN",2025-12-23 00:00:00,7,8989573,1,1,0,92429.44,92429.44,CLOSED,7017190,2432472,8367459,DCP2T1000-2432472,OPERATIONS EQUIPMENT CASE ASSEMBLY,Each,POD ATTACHED,24-DEC-25,2025-12-12 00:00:00,STANDARD,1,2025-12-19 00:00:00,2025-06-30 00:00:00,1282555,,,,EXTERNAL,P,0016,7.1.1
1457778,1,2025-06-27 00:00:00,APPROVED CLOSED,2025-06-30 00:00:00,1,J & R TOOL  INC.,NSWC CRANE,300 HWY 361 BLDG 41 NW,,,CRANE,IN,47522,US,2014-09-05 00:00:00,2025-06-30 00:00:00,2025-12-12 00:00:00,2025-12-12 00:00:00,LWATERMAN,"WATERMAN, LYNN",2025-12-23 00:00:00,9,8989575,1,1,0,27632.51,27632.51,CLOSED,7017190,2432472,8367461,DCP2T3100-2432472,HEAVY ANTENNA CASE ASSEMBLY,Each,SIGNED PS,26-SEP-25,2025-12-12 00:00:00,STANDARD,1,2025-12-19 00:00:00,2025-06-30 00:00:00,1282555,,,,EXTERNAL,P,0018,9.1.1
1457778,1,2025-06-27 00:00:00,APPROVED CLOSED,2025-06-30 00:00:00,1,J & R TOOL  INC.,NSWC CRANE,300 HWY 361 BLDG 41 NW,,,CRANE,IN,47522,US,2014-09-05 00:00:00,2025-06-30 00:00:00,2025-12-12 00:00:00,2025-12-12 00:00:00,LWATERMAN,"WATERMAN, LYNN",2025-12-23 00:00:00,13,8989579,1,1,0,306.16,306.16,CLOSED,7017190,2432472,8367465,DCP2V1000-2432472,7M 30-88 AND 225-512 MHZ ANTENNA ASSEMBLY,Each,SIGNED PS,28-AUG-25,2025-12-12 00:00:00,STANDARD,1,2025-12-19 00:00:00,2025-06-30 00:00:00,1282555,,,,EXTERNAL,P,0005,13.1.1
1457778,1,2025-06-27 00:00:00,APPROVED CLOSED,2025-06-30 00:00:00,1,J & R TOOL  INC.,NSWC CRANE,300 HWY 361 BLDG 41 NW,,,CRANE,IN,47522,US,2014-09-05 00:00:00,2025-06-30 00:00:00,2025-12-12 00:00:00,2025-12-12 00:00:00,LWATERMAN,"WATERMAN, LYNN",2025-12-23 00:00:00,17,8989583,1,1,0,353.19,353.19,CLOSED,7017190,2432472,8367469,DCP2V5000-2432472,POWER SUPPLY ASSEMBLY,Each,,,2025-12-12 00:00:00,STANDARD,1,2025-12-19 00:00:00,2025-06-30 00:00:00,1282555,,,,EXTERNAL,P,0009,17.1.1
1467932,3,2025-08-07 00:00:00,APPROVED,2025-12-17 00:00:00,3,ECLYPSE INTERNATIONAL CORPORATION,ATS SECTION (AFLCMC WNAEB),320 RICHARD RAY BLVD BLDG 300WW,BAY D  ROOM E84,,ROBINS AFB,GA,31098,US,2019-06-12 00:00:00,2025-12-17 00:00:00,2025-12-15 00:00:00,2026-02-03 00:00:00,LWATERMAN,"WATERMAN, LYNN",2025-12-17 00:00:00,1,9188869,30,30,0,73620,2454,CLOSED,7209258,4444483,8581587,980-ESP-00256,METER  ESP SWR METER  W/LEADS CHARGER,Each,RADIANT (30) IWQG541QA7D8,17-DEC-25,2026-02-03 00:00:00,STANDARD,30,2025-12-22 00:00:00,2025-08-07 00:00:00,1292427,2025-12-16 00:00:00,,,EXTERNAL,P,0003,1.1.1
1467932,3,2025-08-07 00:00:00,APPROVED,2025-12-17 00:00:00,3,ECLYPSE INTERNATIONAL CORPORATION,ATS SECTION (AFLCMC WNAEB),320 RICHARD RAY BLVD BLDG 300WW,BAY D  ROOM E84,,ROBINS AFB,GA,31098,US,2019-06-12 00:00:00,2025-12-17 00:00:00,2025-12-15 00:00:00,2026-02-03 00:00:00,LWATERMAN,"WATERMAN, LYNN",2025-12-17 00:00:00,2,9188870,30,30,0,17520,584,CLOSED,7209258,4444483,8581588,950-ESP-15001,RUGGED CASE YELLOW,Each,RADIANT (30) IWQG541QA7D8,17-DEC-25,2026-02-03 00:00:00,STANDARD,30,2025-12-22 00:00:00,2025-08-07 00:00:00,1292427,2025-12-16 00:00:00,,,EXTERNAL,P,0004,2.1.1
1467932,3,2025-08-07 00:00:00,APPROVED,2025-12-17 00:00:00,3,ECLYPSE INTERNATIONAL CORPORATION,ATS SECTION (AFLCMC WNAEB),320 RICHARD RAY BLVD BLDG 300WW,BAY D  ROOM E84,,ROBINS AFB,GA,31098,US,2019-06-12 00:00:00,2025-12-17 00:00:00,2026-08-07 00:00:00,2026-08-07 00:00:00,LWATERMAN,"WATERMAN, LYNN",2025-12-17 00:00:00,3,9188871,30,0,0,0,5700,OPEN,7209258,4444483,8581589,ECL-OOA-00005-4444483,TRAINING ESP FAULT LOCATION DEVICE,Each,,,2026-08-07 00:00:00,STANDARD,0,2026-08-14 00:00:00,2025-08-07 00:00:00,1292427,2025-12-16 00:00:00,,,EXTERNAL,P,0005,3.1.1
1473798,0,2025-08-27 00:00:00,APPROVED CLOSED,2025-08-27 00:00:00,0,QUALITY IN FLOW  INC. DBA QINFLOW,DLA TROOP SUPPORT,"AFMOA/SGSLW FM9133 ",601 DAVY CROCKETT  RD BLDG 1534  BAY A,,SAN ANTONIO,TX,78226,US,2023-03-08 00:00:00,,2026-01-19 00:00:00,2026-02-12 00:00:00,BEVERETTE,"EVERETTE, BRENNA",2026-01-27 00:00:00,1,9230983,4,4,0,3686.4,921.6,CLOSED,7231598,6150484,8612689,QPORT0500UBX12,BOX OF 12 COMPACT DISPOSABLE UNITS,Each,888024048470 (FEDEX),19-JAN-26,2026-02-12 00:00:00,STANDARD,4,2026-01-26 00:00:00,2025-09-03 00:00:00,1298792,2026-01-19 00:00:00,,,EXTERNAL,P,0001,1.1.1
1481497,2,2025-09-22 00:00:00,APPROVED,2025-12-04 00:00:00,2,PELICAN PRODUCTS  INC.,DHS ICE,6760 UPTON AVE,BLDG 234,,FORT BENNING,GA,31905-2508,US,2006-07-01 00:00:00,2025-12-04 00:00:00,2026-03-11 00:00:00,2026-03-11 00:00:00,BEVERETTE,"EVERETTE, BRENNA",2025-12-04 00:00:00,1,9267047,4880,3880,0,862997.64,222.42,OPEN,7245565,14374,8634210,1650-021-110,MODEL: 1650NF WITH LOGO NO FOAM COLOR: BLACK,Each,(480) ADS507576; (500) S013374261; (500) S013737323; (836) S014412727 / RADIANT 1001105108,17-MAR-26,2025-11-04 00:00:00,STANDARD,3880,2026-03-18 00:00:00,2025-09-23 00:00:00,1307428,2026-03-17 00:00:00,,,EXTERNAL,P,"0029, 0029, 0029, 0029, 0029, 0029, 0029, 0029, 0029",1.1.1
1483851,1,2025-09-26 00:00:00,APPROVED,2025-09-30 00:00:00,1,ROBERT BOSCH TOOL CORP,ADS AVIATOR-1 WAREHOUSE AVA,2505 AVIATOR DR,,,VIRGINIA BEACH,VA,23453-3152,US,2010-06-09 00:00:00,2025-09-30 00:00:00,2026-03-20 00:00:00,2026-03-20 00:00:00,LWATERMAN,"WATERMAN, LYNN",2025-09-30 00:00:00,2,9278361,1,0,0,0,910,OPEN,7247916,1263715,8639540,RH850VC,DRILL; HAMMER; ROTARY COMBINATION; 1-3/4IN SDS MAX; 15 AMP,Each,,,2026-03-20 00:00:00,STANDARD,0,,2025-09-30 00:00:00,1310560,,,,INTERNAL,P,,2.1.1
1483851,1,2025-09-26 00:00:00,APPROVED,2025-09-30 00:00:00,1,ROBERT BOSCH TOOL CORP,ADS AVIATOR-1 WAREHOUSE AVA,2505 AVIATOR DR,,,VIRGINIA BEACH,VA,23453-3152,US,2010-06-09 00:00:00,2025-09-30 00:00:00,2026-03-20 00:00:00,2026-03-20 00:00:00,LWATERMAN,"WATERMAN, LYNN",2025-09-30 00:00:00,1,9278360,2,0,0,0,910,OPEN,7247916,1263715,8639539,RH850VC,DRILL; HAMMER; ROTARY COMBINATION; 1-3/4IN SDS MAX; 15 AMP,Each,,,2026-03-20 00:00:00,STANDARD,0,,2025-09-30 00:00:00,1310560,,,,INTERNAL,P,,1.1.1
1485106,0,2025-09-30 00:00:00,APPROVED CLOSED,2025-09-30 00:00:00,0,FECHHEIMER BROTHERS COMPANY,DOE OST EASTERN COMMAND,9714 FLANNIGAN LOOP RD. / AOEC FACILITY,,,OAK RIDGE,TN,37830,US,2009-04-13 00:00:00,,2025-10-02 00:00:00,2025-11-07 00:00:00,ADS_SCHEDULED_REQS,"MORIN-WRIGHT, ALISON",2026-02-19 00:00:00,1,9284405,1,0,0,14.37,42.05,CLOSED,7250316,1007338,8643859,VTX1702-SHC-34X32-1007338,VERTX DELTA STRETCH 2.1 MENS PANT-SHC-34X32,Each,1Z4798520390845397,02-OCT-25,2025-10-02 00:00:00,STANDARD,0,2025-10-09 00:00:00,2025-10-02 00:00:00,1312090,2025-10-02 00:00:00,,,EXTERNAL,P,0002,1.1.1
1485106,0,2025-09-30 00:00:00,APPROVED CLOSED,2025-09-30 00:00:00,0,FECHHEIMER BROTHERS COMPANY,DOE OST EASTERN COMMAND,9714 FLANNIGAN LOOP RD. / AOEC FACILITY,,,OAK RIDGE,TN,37830,US,2009-04-13 00:00:00,,2025-10-02 00:00:00,2025-11-07 00:00:00,ADS_SCHEDULED_REQS,"MORIN-WRIGHT, ALISON",2026-02-19 00:00:00,2,9284406,1,1,0,50.76,48.07,CLOSED,7250316,1007338,8643858,F1 VTX8602-DT-33X30-1007338,MENS PHANTOM FLEX OPS PANT DESERT TAN 33X30,Each,1Z4798520390845397,02-OCT-25,2025-10-02 00:00:00,STANDARD,1,2025-10-09 00:00:00,2025-10-02 00:00:00,1312090,2025-10-02 00:00:00,,,EXTERNAL,P,0001,2.1.1
1486971,3,2025-10-03 00:00:00,APPROVED CLOSED,2026-01-07 00:00:00,3,LITE COMS LLC,COMUSMARCENT,5118 N. BOUNDARY BLVD BLDG 1102,,,MACDILL AFB,FL,33621,US,2020-03-18 00:00:00,2026-01-30 00:00:00,,2026-01-31 00:00:00,NLUDWIG,"LUDWIG, NOAH",2026-02-12 00:00:00,3,9295504,1,1,0,32214,32214,CLOSED,7252369,4798483,8649406,LITE SAT-1.3A-TMA-AQUARIUS MODEM-4798483,TACTICAL MODEM ASSEMBLY (TMA) WITH FULLY INTEGRATED GILAT ACQUARIUS MODEM AND LITE LINK USER INTERFACE. CONTROLS TWO LITE SAT 1.3A VSATS OPERATING IN MPOWER MEO OPERATION,Each,888732211865,13-FEB-26,2026-01-16 00:00:00,STANDARD,1,,2025-10-09 00:00:00,1310932,2026-02-05 00:00:00,"REPORT SENT 1/19, 1/22, 1/26, 1/28",UNRESPONSIVE,EXTERNAL,P,0003,3.1.1
1486971,3,2025-10-03 00:00:00,APPROVED CLOSED,2026-01-07 00:00:00,3,LITE COMS LLC,COMUSMARCENT,5118 N. BOUNDARY BLVD BLDG 1102,,,MACDILL AFB,FL,33621,US,2020-03-18 00:00:00,2026-01-30 00:00:00,2025-12-31 00:00:00,2026-01-31 00:00:00,NLUDWIG,"LUDWIG, NOAH",2026-02-12 00:00:00,1,9295502,2,2,0,174000,87000,CLOSED,7252369,4798483,8649404,LITE SAT 1.3-A-KU-4798483,1.3M AUTO ACQUIRE VSAT TERMINAL WITH KU BAND RF KIT AND IDIRECT 950 TMA,Each,028391985,07-JAN-26,2025-12-05 00:00:00,STANDARD,2,2026-01-07 00:00:00,2025-10-09 00:00:00,1310932,2025-10-09 00:00:00,,,EXTERNAL,P,0001,1.1.1
1486971,3,2025-10-03 00:00:00,APPROVED CLOSED,2026-01-07 00:00:00,3,LITE COMS LLC,COMUSMARCENT,5118 N. BOUNDARY BLVD BLDG 1102,,,MACDILL AFB,FL,33621,US,2020-03-18 00:00:00,2026-01-30 00:00:00,2025-12-31 00:00:00,2026-01-31 00:00:00,NLUDWIG,"LUDWIG, NOAH",2026-02-12 00:00:00,4,9295505,2,2,0,99972.6,49986.3,CLOSED,7252369,4798483,8649407,LITE SAT-1.3A-X-FBK-4798483,X FREQUENCY BAND KIT FOR LITE SAT 1.3A TAN 33303,Each,028391985,07-JAN-26,2025-12-05 00:00:00,STANDARD,2,2026-01-07 00:00:00,2025-10-09 00:00:00,1310932,2025-10-09 00:00:00,,,EXTERNAL,P,0004,4.1.1
1486971,3,2025-10-03 00:00:00,APPROVED CLOSED,2026-01-07 00:00:00,3,LITE COMS LLC,COMUSMARCENT,5118 N. BOUNDARY BLVD BLDG 1102,,,MACDILL AFB,FL,33621,US,2020-03-18 00:00:00,2026-01-30 00:00:00,2026-02-12 00:00:00,2026-01-31 00:00:00,NLUDWIG,"LUDWIG, NOAH",2026-02-12 00:00:00,2,9295503,2,2,0,119836.18,59918.09,CLOSED,7252369,4798483,8649405,LITE SAT 1.3A-MPOWER FBK-4798483,FREQUENCY BAND KIT FOR THE LITE SAT 1.3A OPERATING IN THE KA BAND FOR USE ON MPOWER. INCLUDES A FEED OMT SSPA AND LNB. THE FBK IS IN A HARDSIDE TRANSIT CASE.,Each,888732211865,13-FEB-26,2025-12-05 00:00:00,STANDARD,2,2026-02-19 00:00:00,2025-10-09 00:00:00,1310932,2026-01-07 00:00:00,,,EXTERNAL,P,0002,2.1.1
1487953,0,2025-10-08 00:00:00,APPROVED,2025-10-08 00:00:00,0,"ARC'TERYX",ADS AVIATOR-2 WAREHOUSE-AVA,2505 AVIATOR DR,,,VIRGINIA BEACH,VA,23453-3151,US,2006-07-01 00:00:00,,2025-12-02 00:00:00,2035-12-31 00:00:00,BEVERETTE,"EVERETTE, BRENNA",2025-10-08 00:00:00,1,9303194,5,5,0,1725,345,CLOSED,7254058,14926,8653752,X000008123028-14926,"ALPHA PANT LT MEN'S GEN2.2 - RANGER GREEN - L/T",Each,1Z7F569V0340932386,10-DEC-25,2025-11-26 00:00:00,STANDARD,5,,2025-11-20 00:00:00,1313668,2025-12-10 00:00:00,,,INTERNAL,P,,1.1.1
1487953,0,2025-10-08 00:00:00,APPROVED,2025-10-08 00:00:00,0,"ARC'TERYX",ADS AVIATOR-2 WAREHOUSE-AVA,2505 AVIATOR DR,,,VIRGINIA BEACH,VA,23453-3151,US,2006-07-01 00:00:00,,2025-12-02 00:00:00,2035-12-31 00:00:00,BEVERETTE,"EVERETTE, BRENNA",2025-10-08 00:00:00,3,9303196,10,10,0,3450,345,CLOSED,7254058,14926,8653754,X000008123025-14926,"ALPHA PANT LT MEN'S GEN2.2 - RANGER GREEN - M/S",Each,1Z7F569V0340932402,10-DEC-25,2025-11-26 00:00:00,STANDARD,10,,2025-11-20 00:00:00,1313668,2025-12-10 00:00:00,,,INTERNAL,P,,3.1.1
1487953,0,2025-10-08 00:00:00,APPROVED,2025-10-08 00:00:00,0,"ARC'TERYX",ADS AVIATOR-2 WAREHOUSE-AVA,2505 AVIATOR DR,,,VIRGINIA BEACH,VA,23453-3151,US,2006-07-01 00:00:00,,2025-12-02 00:00:00,2035-12-31 00:00:00,BEVERETTE,"EVERETTE, BRENNA",2025-10-08 00:00:00,8,9303201,5,5,0,1725,345,CLOSED,7254058,14926,8653759,X000008123027-14926,"ALPHA PANT LT MEN'S GEN2.2 - RANGER GREEN - M/T",Each,1Z7F569V0340932386,10-DEC-25,2025-11-26 00:00:00,STANDARD,5,,2025-11-20 00:00:00,1313668,2025-12-10 00:00:00,,,INTERNAL,P,,8.1.1
1487953,0,2025-10-08 00:00:00,APPROVED,2025-10-08 00:00:00,0,"ARC'TERYX",ADS AVIATOR-2 WAREHOUSE-AVA,2505 AVIATOR DR,,,VIRGINIA BEACH,VA,23453-3151,US,2006-07-01 00:00:00,,2025-12-02 00:00:00,2035-12-31 00:00:00,BEVERETTE,"EVERETTE, BRENNA",2025-10-08 00:00:00,11,9303204,15,15,0,5589,372.6,CLOSED,7254058,14926,8653762,X000008116017-14926,"ALPHA JACKET LT MEN'S GEN2.2 - RANGER GREEN - XL",Each,1Z7F569V0340932457; 1Z7F569V0340932377,10-DEC-25,2025-11-26 00:00:00,STANDARD,15,,2025-11-20 00:00:00,1313668,2025-12-10 00:00:00,,,INTERNAL,P,,11.1.1
1487953,0,2025-10-08 00:00:00,APPROVED,2025-10-08 00:00:00,0,"ARC'TERYX",ADS AVIATOR-2 WAREHOUSE-AVA,2505 AVIATOR DR,,,VIRGINIA BEACH,VA,23453-3151,US,2006-07-01 00:00:00,,2026-02-19 00:00:00,2035-12-31 00:00:00,BEVERETTE,"EVERETTE, BRENNA",2025-10-08 00:00:00,4,9303197,7,7,0,2415,345,CLOSED,7254058,14926,8653755,X000008123035-14926,"ALPHA PANT LT MEN'S GEN2.2 - RANGER GREEN - XL/R",Each,,,2025-12-26 00:00:00,STANDARD,7,,2025-12-10 00:00:00,1313668,2025-12-10 00:00:00,,,INTERNAL,P,,4.1.1
1487953,0,2025-10-08 00:00:00,APPROVED,2025-10-08 00:00:00,0,"ARC'TERYX",ADS AVIATOR-2 WAREHOUSE-AVA,2505 AVIATOR DR,,,VIRGINIA BEACH,VA,23453-3151,US,2006-07-01 00:00:00,,2026-02-20 00:00:00,2035-12-31 00:00:00,BEVERETTE,"EVERETTE, BRENNA",2025-10-08 00:00:00,5,9303198,5,5,0,1725,345,CLOSED,7254058,14926,8653756,X000008123029-14926,"ALPHA PANT LT MEN'S GEN2.2 - RANGER GREEN - XL/T",Each,,,2026-03-10 00:00:00,STANDARD,5,,2025-12-10 00:00:00,1313668,2026-02-06 00:00:00,,,INTERNAL,P,,5.1.1
1487953,0,2025-10-08 00:00:00,APPROVED,2025-10-08 00:00:00,0,"ARC'TERYX",ADS AVIATOR-2 WAREHOUSE-AVA,2505 AVIATOR DR,,,VIRGINIA BEACH,VA,23453-3151,US,2006-07-01 00:00:00,,2026-02-19 00:00:00,2035-12-31 00:00:00,BEVERETTE,"EVERETTE, BRENNA",2025-10-08 00:00:00,15,9303208,5,5,0,1863,372.6,CLOSED,7254058,14926,8653766,X000008116013-14926,"ALPHA JACKET LT MEN'S GEN2.2 - RANGER GREEN - XS",Each,1Z7F569V0340932402 (2),10-DEC-25,2025-11-26 00:00:00,STANDARD,5,,2025-11-20 00:00:00,1313668,2025-12-10 00:00:00,,,INTERNAL,P,,15.1.1
1487953,0,2025-10-08 00:00:00,APPROVED,2025-10-08 00:00:00,0,"ARC'TERYX",ADS AVIATOR-2 WAREHOUSE-AVA,2505 AVIATOR DR,,,VIRGINIA BEACH,VA,23453-3151,US,2006-07-01 00:00:00,,2026-05-11 00:00:00,2035-12-31 00:00:00,BEVERETTE,"EVERETTE, BRENNA",2025-10-08 00:00:00,14,9303207,15,13,0,4843.8,372.6,OPEN,7254058,14926,8653765,X000008116014-14926,"ALPHA JACKET LT MEN'S GEN2.2 - RANGER GREEN - S",Each,1Z7F569V0340932493 (6),10-DEC-25,2025-11-26 00:00:00,STANDARD,13,,2025-11-20 00:00:00,1313668,2026-02-06 00:00:00,,,INTERNAL,P,,14.1.1
1487953,0,2025-10-08 00:00:00,APPROVED,2025-10-08 00:00:00,0,"ARC'TERYX",ADS AVIATOR-2 WAREHOUSE-AVA,2505 AVIATOR DR,,,VIRGINIA BEACH,VA,23453-3151,US,2006-07-01 00:00:00,,2026-02-04 00:00:00,2035-12-31 00:00:00,BEVERETTE,"EVERETTE, BRENNA",2025-10-08 00:00:00,9,9303202,15,15,0,5175,345,CLOSED,7254058,14926,8653760,X000008123033-14926,"ALPHA PANT LT MEN'S GEN2.2 - RANGER GREEN - M/R",Each,1Z7F569V0340932377 (5),10-DEC-25,2025-11-26 00:00:00,STANDARD,15,,2025-11-20 00:00:00,1313668,2025-12-10 00:00:00,,,INTERNAL,P,,9.1.1
1487953,0,2025-10-08 00:00:00,APPROVED,2025-10-08 00:00:00,0,"ARC'TERYX",ADS AVIATOR-2 WAREHOUSE-AVA,2505 AVIATOR DR,,,VIRGINIA BEACH,VA,23453-3151,US,2006-07-01 00:00:00,,2026-02-27 00:00:00,2035-12-31 00:00:00,BEVERETTE,"EVERETTE, BRENNA",2025-10-08 00:00:00,2,9303195,10,10,0,3450,345,CLOSED,7254058,14926,8653753,X000008123032-14926,"ALPHA PANT LT MEN'S GEN2.2 - RANGER GREEN - S/R",Each,,,2026-03-10 00:00:00,STANDARD,10,,2025-12-10 00:00:00,1313668,2026-02-06 00:00:00,,,INTERNAL,P,,2.1.1
1487953,0,2025-10-08 00:00:00,APPROVED,2025-10-08 00:00:00,0,"ARC'TERYX",ADS AVIATOR-2 WAREHOUSE-AVA,2505 AVIATOR DR,,,VIRGINIA BEACH,VA,23453-3151,US,2006-07-01 00:00:00,,2025-12-02 00:00:00,2035-12-31 00:00:00,BEVERETTE,"EVERETTE, BRENNA",2025-10-08 00:00:00,6,9303199,13,13,0,4485,345,CLOSED,7254058,14926,8653757,X000008123026-14926,"ALPHA PANT LT MEN'S GEN2.2 - RANGER GREEN - L/S",Each,1Z7F569V0340932402; 1Z7F569V0340932386,10-DEC-25,2025-11-26 00:00:00,STANDARD,13,,2025-11-20 00:00:00,1313668,2025-12-10 00:00:00,,,INTERNAL,P,,6.1.1
1487953,0,2025-10-08 00:00:00,APPROVED,2025-10-08 00:00:00,0,"ARC'TERYX",ADS AVIATOR-2 WAREHOUSE-AVA,2505 AVIATOR DR,,,VIRGINIA BEACH,VA,23453-3151,US,2006-07-01 00:00:00,,2025-12-02 00:00:00,2035-12-31 00:00:00,BEVERETTE,"EVERETTE, BRENNA",2025-10-08 00:00:00,10,9303203,5,5,0,1863,372.6,CLOSED,7254058,14926,8653761,X000008116018-14926,"ALPHA JACKET LT MEN'S GEN2.2 - RANGER GREEN - XXL",Each,1Z7F569V0340932411,10-DEC-25,2025-11-26 00:00:00,STANDARD,5,,2025-11-20 00:00:00,1313668,2025-12-10 00:00:00,,,INTERNAL,P,,10.1.1
1487953,0,2025-10-08 00:00:00,APPROVED,2025-10-08 00:00:00,0,"ARC'TERYX",ADS AVIATOR-2 WAREHOUSE-AVA,2505 AVIATOR DR,,,VIRGINIA BEACH,VA,23453-3151,US,2006-07-01 00:00:00,,2025-12-02 00:00:00,2035-12-31 00:00:00,BEVERETTE,"EVERETTE, BRENNA",2025-10-08 00:00:00,13,9303206,20,20,0,7452,372.6,CLOSED,7254058,14926,8653764,X000008116015-14926,"ALPHA JACKET LT MEN'S GEN2.2 - RANGER GREEN - M",Each,1Z7F569V0340932411; 1Z7F569V0340932493,10-DEC-25,2025-11-26 00:00:00,STANDARD,20,,2025-11-20 00:00:00,1313668,2025-12-10 00:00:00,,,INTERNAL,P,,13.1.1
1487953,0,2025-10-08 00:00:00,APPROVED,2025-10-08 00:00:00,0,"ARC'TERYX",ADS AVIATOR-2 WAREHOUSE-AVA,2505 AVIATOR DR,,,VIRGINIA BEACH,VA,23453-3151,US,2006-07-01 00:00:00,,2026-02-27 00:00:00,2035-12-31 00:00:00,BEVERETTE,"EVERETTE, BRENNA",2025-10-08 00:00:00,7,9303200,15,15,0,5175,345,CLOSED,7254058,14926,8653758,X000008123034-14926,"ALPHA PANT LT MEN'S GEN2.2 - RANGER GREEN - L/R",Each,1Z7F569V0340932377 (6),10-DEC-25,2025-11-26 00:00:00,STANDARD,15,,2025-11-20 00:00:00,1313668,2026-02-06 00:00:00,,,INTERNAL,P,,7.1.1
1487953,0,2025-10-08 00:00:00,APPROVED,2025-10-08 00:00:00,0,"ARC'TERYX",ADS AVIATOR-2 WAREHOUSE-AVA,2505 AVIATOR DR,,,VIRGINIA BEACH,VA,23453-3151,US,2006-07-01 00:00:00,,2025-12-02 00:00:00,2035-12-31 00:00:00,BEVERETTE,"EVERETTE, BRENNA",2025-10-08 00:00:00,12,9303205,30,30,0,11178,372.6,CLOSED,7254058,14926,8653763,X000008116016-14926,"ALPHA JACKET LT MEN'S GEN2.2 - RANGER GREEN - L",Each,1Z7F569V0340932377; 1Z7F569V0340932420; 1Z7F569V0340932493,10-DEC-25,2025-11-26 00:00:00,STANDARD,30,,2025-11-20 00:00:00,1313668,2025-12-10 00:00:00,,,INTERNAL,P,,12.1.1
1489653,0,2025-10-24 00:00:00,APPROVED CLOSED,2025-10-24 00:00:00,0,VELOCITY SYSTEMS  LLC,LCI HURLBURT,125 BENNETT AVE,BLDG 90710A,LCI IEE,HURLBURT FIELD,FL,32544,US,2008-02-08 00:00:00,,2025-12-22 00:00:00,2025-11-13 00:00:00,ADS_SCHEDULED_REQS,"MORIN-WRIGHT, ALISON",2026-03-17 00:00:00,2,9314339,10,10,0,600,59,CLOSED,7259142,716029,8661358,VS-BR-CB-XL,VL-103; VELOCITY SYSTEMS BOSS RUGBY SHIRT; COYOTE BROWN XL,Each,1Z8R87E40344160383,12-DEC-25,2025-12-22 00:00:00,STANDARD,10,2025-12-29 00:00:00,2025-10-27 00:00:00,1315136,,,,EXTERNAL,P,0008,2.1.1
1489653,0,2025-10-24 00:00:00,APPROVED CLOSED,2025-10-24 00:00:00,0,VELOCITY SYSTEMS  LLC,LCI HURLBURT,125 BENNETT AVE,BLDG 90710A,LCI IEE,HURLBURT FIELD,FL,32544,US,2008-02-08 00:00:00,,,2025-11-13 00:00:00,ADS_SCHEDULED_REQS,"MORIN-WRIGHT, ALISON",2026-03-17 00:00:00,3,9314340,30,30,0,1800,59,CLOSED,7259142,716029,8661360,VS-BR-CB-L,VL-103; VELOCITY SYSTEMS BOSS RUGBY SHIRT; COYOTE BROWN LARGE,Each,1Z8R87E40343123693,18-MAR-26,2025-12-22 00:00:00,STANDARD,30,,2025-10-27 00:00:00,1315136,2026-03-02 00:00:00,NEED TRACKING OR NEW SHIP DATE,UNRESPONSIVE,EXTERNAL,P,0007,3.1.1
1489653,0,2025-10-24 00:00:00,APPROVED CLOSED,2025-10-24 00:00:00,0,VELOCITY SYSTEMS  LLC,LCI HURLBURT,125 BENNETT AVE,BLDG 90710A,LCI IEE,HURLBURT FIELD,FL,32544,US,2008-02-08 00:00:00,,,2025-11-13 00:00:00,ADS_SCHEDULED_REQS,"MORIN-WRIGHT, ALISON",2026-03-17 00:00:00,4,9314341,60,60,0,3600,59,CLOSED,7259142,716029,8661357,VS-BR-CB-M,VL-103; VELOCITY SYSTEMS BOSS RUGBY SHIRT; COYOTE BROWN MEDIUM,Each,1Z8R87E40343123693,18-MAR-26,2025-12-22 00:00:00,STANDARD,60,,2025-10-27 00:00:00,1315136,2026-03-02 00:00:00,NEED TRACKING OR NEW SHIP DATE,UNRESPONSIVE,EXTERNAL,P,0006,4.1.1
1489653,0,2025-10-24 00:00:00,APPROVED CLOSED,2025-10-24 00:00:00,0,VELOCITY SYSTEMS  LLC,LCI HURLBURT,125 BENNETT AVE,BLDG 90710A,LCI IEE,HURLBURT FIELD,FL,32544,US,2008-02-08 00:00:00,,2025-12-22 00:00:00,2025-11-13 00:00:00,ADS_SCHEDULED_REQS,"MORIN-WRIGHT, ALISON",2026-03-17 00:00:00,1,9314338,10,10,0,600,59,CLOSED,7259142,716029,8661356,VS-BR-CB-S,VL103 VELOCITY SYSTEMS BOSS RUGBY SHIRT COYOTE BROWN SMALL,Each,1Z8R87E40344223976,17-DEC-25,2025-12-22 00:00:00,STANDARD,10,2025-12-29 00:00:00,2025-10-27 00:00:00,1315136,,,,EXTERNAL,P,0005,1.1.1
1494409,1,2025-12-04 00:00:00,APPROVED CLOSED,2026-03-08 00:00:00,1,CRYE PRECISION LLC,AIDB MOODY AFB,4380B ALABAMA RD,,CENTRAL RECEIVING,MOODY AFB,GA,31699,US,2007-05-03 00:00:00,2026-03-06 00:00:00,2026-03-12 00:00:00,2035-12-31 00:00:00,BEVERETTE,"EVERETTE, BRENNA",2026-03-09 00:00:00,4,9337050,27,27,0,5645.7,209.1,CLOSED,7272406,462001,8676717,APRFSW02MDR-462001,G4 FIELD SHIRT MULTICAM MEDIUM REGULAR,Each,RADIANT (27) 1ZK583950332742701,06-MAR-26,2026-03-12 00:00:00,STANDARD,27,2026-03-19 00:00:00,2025-12-08 00:00:00,1320556,2025-12-08 00:00:00,,,EXTERNAL,P,0004,4.1.1
1494409,1,2025-12-04 00:00:00,APPROVED CLOSED,2026-03-08 00:00:00,1,CRYE PRECISION LLC,AIDB MOODY AFB,4380B ALABAMA RD,,CENTRAL RECEIVING,MOODY AFB,GA,31699,US,2007-05-03 00:00:00,2026-03-06 00:00:00,2026-03-12 00:00:00,2035-12-31 00:00:00,BEVERETTE,"EVERETTE, BRENNA",2026-03-09 00:00:00,2,9337048,9,9,0,1881.9,209.1,CLOSED,7272406,462001,8676715,APRFSW02MDS,G4 FIELD SHIRT MULTICAM MEDIUM SHORT,Each,RADIANT (9) 1ZK583950332742701,06-MAR-26,2026-03-12 00:00:00,STANDARD,9,2026-03-19 00:00:00,2025-12-08 00:00:00,1320556,2025-12-08 00:00:00,,,EXTERNAL,P,0003,2.1.1
1494409,1,2025-12-04 00:00:00,APPROVED CLOSED,2026-03-08 00:00:00,1,CRYE PRECISION LLC,AIDB MOODY AFB,4380B ALABAMA RD,,CENTRAL RECEIVING,MOODY AFB,GA,31699,US,2007-05-03 00:00:00,2026-03-06 00:00:00,2026-03-12 00:00:00,2035-12-31 00:00:00,BEVERETTE,"EVERETTE, BRENNA",2026-03-09 00:00:00,5,9337051,10,10,0,2091,209.1,CLOSED,7272406,462001,8676718,APRFSW02SMR-462001,G4 FIELD SHIRT MULTICAM SMALL REGULAR,Each,RADIANT (10) 1ZK583950332742701,06-MAR-26,2026-03-12 00:00:00,STANDARD,10,2026-03-19 00:00:00,2025-12-08 00:00:00,1320556,2025-12-08 00:00:00,,,EXTERNAL,P,0002,5.1.1
1494409,1,2025-12-04 00:00:00,APPROVED CLOSED,2026-03-08 00:00:00,1,CRYE PRECISION LLC,AIDB MOODY AFB,4380B ALABAMA RD,,CENTRAL RECEIVING,MOODY AFB,GA,31699,US,2007-05-03 00:00:00,2026-03-06 00:00:00,2026-03-12 00:00:00,2035-12-31 00:00:00,BEVERETTE,"EVERETTE, BRENNA",2026-03-09 00:00:00,1,9337047,3,3,0,627.3,209.1,CLOSED,7272406,462001,8676714,APRFSW02LGS,G4 FIELD SHIRT MULTICAM LARGE SHORT,Each,RADIANT (3) 1ZK583950332742701,06-MAR-26,2026-03-12 00:00:00,STANDARD,3,2026-03-19 00:00:00,2025-12-08 00:00:00,1320556,2025-12-08 00:00:00,,,EXTERNAL,P,0006,1.1.1
1494409,1,2025-12-04 00:00:00,APPROVED CLOSED,2026-03-08 00:00:00,1,CRYE PRECISION LLC,AIDB MOODY AFB,4380B ALABAMA RD,,CENTRAL RECEIVING,MOODY AFB,GA,31699,US,2007-05-03 00:00:00,2026-03-06 00:00:00,2026-03-12 00:00:00,2035-12-31 00:00:00,BEVERETTE,"EVERETTE, BRENNA",2026-03-09 00:00:00,3,9337049,3,3,0,627.3,209.1,CLOSED,7272406,462001,8676716,APRFSW02SMS,G4 FIELD SHIRT MULTICAM SMALL SHORT,Each,RADIANT (3) 1ZK583950332742701,06-MAR-26,2026-03-12 00:00:00,STANDARD,3,2026-03-19 00:00:00,2025-12-08 00:00:00,1320556,2025-12-08 00:00:00,,,EXTERNAL,P,0001,3.1.1
1496632,1,2025-12-16 00:00:00,APPROVED CLOSED,2026-03-12 00:00:00,1,MED-ENG LLC,FBI CIRG,7012 REDSTONE RD,,,"REDSTONE ARSENAL,",AL,35897-6801,US,2006-09-26 00:00:00,2026-03-11 00:00:00,2026-03-24 00:00:00,2026-05-21 00:00:00,BEVERETTE,"EVERETTE, BRENNA",2026-03-17 00:00:00,2,9345104,1,1,0,2434,2434,CLOSED,7276339,187001,8681247,4976762-187001,CARRIER TROUSER EOD 9N OLIVE DRAB SM,Each,RADIANT (1) 1ZK583950306223124,11-MAR-26,2026-03-24 00:00:00,STANDARD,1,2026-03-31 00:00:00,2025-12-18 00:00:00,1323084,2025-12-18 00:00:00,,,EXTERNAL,P,0007,2.1.1
1496632,1,2025-12-16 00:00:00,APPROVED CLOSED,2026-03-12 00:00:00,1,MED-ENG LLC,FBI CIRG,7012 REDSTONE RD,,,"REDSTONE ARSENAL,",AL,35897-6801,US,2006-09-26 00:00:00,2026-03-11 00:00:00,2026-03-24 00:00:00,2026-05-21 00:00:00,BEVERETTE,"EVERETTE, BRENNA",2026-03-17 00:00:00,3,9345105,5,5,0,5410,1082,CLOSED,7276339,187001,8681248,4976757-187001,CARRIER IGP EOD 9N OLIVE DRAB LG,Each,RADIANT (5) 1ZK583950306223124,11-MAR-26,2026-03-24 00:00:00,STANDARD,5,2026-03-31 00:00:00,2025-12-18 00:00:00,1323084,2025-12-18 00:00:00,,,EXTERNAL,P,0005,3.1.1
1496632,1,2025-12-16 00:00:00,APPROVED CLOSED,2026-03-12 00:00:00,1,MED-ENG LLC,FBI CIRG,7012 REDSTONE RD,,,"REDSTONE ARSENAL,",AL,35897-6801,US,2006-09-26 00:00:00,2026-03-11 00:00:00,2026-03-24 00:00:00,2026-05-21 00:00:00,BEVERETTE,"EVERETTE, BRENNA",2026-03-17 00:00:00,1,9345103,1,1,0,3560,3560,CLOSED,7276339,187001,8681246,4976744-187001,CARRIER JACKET EOD 9N OLIVE DRAB SM,Each,RADIANT (1) 1ZK583950306223124,11-MAR-26,2026-03-24 00:00:00,STANDARD,1,2026-03-31 00:00:00,2025-12-18 00:00:00,1323084,2025-12-18 00:00:00,,,EXTERNAL,P,0006,1.1.1
1496632,1,2025-12-16 00:00:00,APPROVED CLOSED,2026-03-12 00:00:00,1,MED-ENG LLC,FBI CIRG,7012 REDSTONE RD,,,"REDSTONE ARSENAL,",AL,35897-6801,US,2006-09-26 00:00:00,2026-03-11 00:00:00,2026-03-24 00:00:00,2026-05-21 00:00:00,BEVERETTE,"EVERETTE, BRENNA",2026-03-17 00:00:00,5,9345107,6,6,0,14604,2434,CLOSED,7276339,187001,8681250,4976764-187001,CARRIER TROUSER EOD 9N OLIVE DRAB MD,Each,RADIANT (6) 1ZK583950306223124,11-MAR-26,2026-03-24 00:00:00,STANDARD,6,2026-03-31 00:00:00,2025-12-18 00:00:00,1323084,2025-12-18 00:00:00,,,EXTERNAL,P,0002,5.1.1
1496632,1,2025-12-16 00:00:00,APPROVED CLOSED,2026-03-12 00:00:00,1,MED-ENG LLC,FBI CIRG,7012 REDSTONE RD,,,"REDSTONE ARSENAL,",AL,35897-6801,US,2006-09-26 00:00:00,2026-03-11 00:00:00,2026-03-24 00:00:00,2026-05-21 00:00:00,BEVERETTE,"EVERETTE, BRENNA",2026-03-17 00:00:00,6,9345108,6,6,0,21360,3560,CLOSED,7276339,187001,8681251,4976746-187001,CARRIER JACKET EOD 9N OLIVE DRAB MD,Each,RADIANT (6) 1ZK583950306223124,11-MAR-26,2026-03-24 00:00:00,STANDARD,6,2026-03-31 00:00:00,2025-12-18 00:00:00,1323084,2025-12-18 00:00:00,,,EXTERNAL,P,0001,6.1.1
1496632,1,2025-12-16 00:00:00,APPROVED CLOSED,2026-03-12 00:00:00,1,MED-ENG LLC,FBI CIRG,7012 REDSTONE RD,,,"REDSTONE ARSENAL,",AL,35897-6801,US,2006-09-26 00:00:00,2026-03-11 00:00:00,2026-03-24 00:00:00,2026-05-21 00:00:00,BEVERETTE,"EVERETTE, BRENNA",2026-03-17 00:00:00,4,9345106,5,5,0,12170,2434,CLOSED,7276339,187001,8681249,4976765-187001,CARRIER TROUSER EOD 9N OLIVE DRAB LG,Each,RADIANT (5) 1ZK583950306223124,11-MAR-26,2026-03-24 00:00:00,STANDARD,5,2026-03-31 00:00:00,2025-12-18 00:00:00,1323084,2025-12-18 00:00:00,,,EXTERNAL,P,0004,4.1.1
1496632,1,2025-12-16 00:00:00,APPROVED CLOSED,2026-03-12 00:00:00,1,MED-ENG LLC,FBI CIRG,7012 REDSTONE RD,,,"REDSTONE ARSENAL,",AL,35897-6801,US,2006-09-26 00:00:00,2026-03-11 00:00:00,2026-03-24 00:00:00,2026-05-21 00:00:00,BEVERETTE,"EVERETTE, BRENNA",2026-03-17 00:00:00,7,9345109,7,7,0,7574,1082,CLOSED,7276339,187001,8681252,4976756-187001,CARRIER IGP EOD 9N OLIVE DRAB SM/MS/MD,Each,RADIANT (7) 1ZK583950306223124,11-MAR-26,2026-03-24 00:00:00,STANDARD,7,2026-03-31 00:00:00,2025-12-18 00:00:00,1323084,2025-12-18 00:00:00,,,EXTERNAL,P,0003,7.1.1
1499047,2,2025-12-31 00:00:00,APPROVED CLOSED,2026-01-22 00:00:00,2,MAGPUL INDUSTRIES CORP,353RD SW TS,1865 SELFRIDGE AVE,BLDG 5160 STE 4,,JBSA LACKLAND,TX,78236,US,2006-07-01 00:00:00,2026-01-22 00:00:00,2026-01-22 00:00:00,2026-04-10 00:00:00,ADS_SCHEDULED_REQS,"KNOX, CHELSEA",2026-01-26 00:00:00,1,9352276,300,300,0,2916,9.72,CLOSED,7279392,14587,8685354,MAG550-BLK,PMAG 15 GL9 9X19 GLOCK G19 BLACK,Each,1ZY7684W0300544745,22-JAN-26,2026-01-22 00:00:00,STANDARD,300,2026-01-29 00:00:00,2026-01-22 00:00:00,1325811,,,,EXTERNAL,P,0004,1.1.1
1506520,4,2026-02-10 00:00:00,APPROVED CLOSED,2026-03-16 00:00:00,4,PECI FLOATATION  LLC,AATC,3900 S 5TH ST BLDG 5410,,,TUCSON,AZ,85707-3910,US,2006-07-01 00:00:00,2026-03-16 00:00:00,2026-04-13 00:00:00,2035-12-31 00:00:00,NLUDWIG,"LUDWIG, NOAH",2026-03-17 00:00:00,1,9380316,8,8,0,3897.36,487.17,CLOSED,7294000,14372,8701853,PECIF-R1019-CA/R,TFSS OVERT YELLOW BLADDERS  W/REFLECTIVE TAPE  1 SET 1 LH  1 RH CAMO GREEN  38G CO2 TFSS-5326-O,Each,RADIANT (8) 1ZK583950317391253,16-MAR-26,2026-04-13 00:00:00,STANDARD,8,2026-04-20 00:00:00,2026-02-16 00:00:00,1334166,,,,EXTERNAL,P,0001,1.1.1
1507612,2,2026-02-17 00:00:00,APPROVED,2026-02-17 00:00:00,2,CEJAY ENGINEERING  LLC,ADS AVIATOR-1 WAREHOUSE AVA,2505 AVIATOR DR,,,VIRGINIA BEACH,VA,23453-3152,US,2008-09-18 00:00:00,2026-02-17 00:00:00,2026-03-17 00:00:00,2035-12-31 00:00:00,BEVERETTE,"EVERETTE, BRENNA",2026-02-17 00:00:00,1,9384845,80,0,0,0,6.83,OPEN,7295801,930053,8704633,AF2010TS,US FLAG ACU DESERT TAN; STARS LEFT; HOOK VELCRO; EA,Each,,,2026-03-17 00:00:00,STANDARD,0,,2026-02-18 00:00:00,1335548,2026-02-18 00:00:00,,,INTERNAL,MOQ,,1.1.1
1509338,0,2026-02-24 00:00:00,APPROVED,2026-02-24 00:00:00,0,ROCKY BRANDS  INC,58TH TRS,1960 EILEEN AVE SE BLDG 957,,,KIRTLAND AFB,NM,87116,US,2006-07-01 00:00:00,,2026-06-25 00:00:00,2026-03-26 00:00:00,ADS_SCHEDULED_REQS,"MORIN-WRIGHT, ALISON",2026-02-24 00:00:00,19,9390572,4,4,0,817.8,204.45,CLOSED,7298064,14111,8707878,RKC055-8.5ME,S2V  COLD WEATHER  400G  LEATHER INSTEP  COYOTE BROWN  8.5ME,Each,771250326902,17-MAR-26,2026-06-25 00:00:00,STANDARD,4,2026-07-02 00:00:00,2026-03-02 00:00:00,1337197,2026-03-05 00:00:00,G974275,,EXTERNAL,P,0031,19.1.1
1509338,0,2026-02-24 00:00:00,APPROVED,2026-02-24 00:00:00,0,ROCKY BRANDS  INC,58TH TRS,1960 EILEEN AVE SE BLDG 957,,,KIRTLAND AFB,NM,87116,US,2006-07-01 00:00:00,,2026-06-25 00:00:00,2026-03-26 00:00:00,ADS_SCHEDULED_REQS,"MORIN-WRIGHT, ALISON",2026-02-24 00:00:00,32,9390585,4,4,0,817.8,204.45,CLOSED,7298064,14111,8707901,RKC055-5WI,S2V  COLD WEATHER  400G  LEATHER INSTEP  COYOTE BROWN  5WI,Each,771250326902,17-MAR-26,2026-06-25 00:00:00,STANDARD,4,2026-07-02 00:00:00,2026-03-02 00:00:00,1337197,2026-03-05 00:00:00,G974275,,EXTERNAL,P,0024,32.1.1
1509338,0,2026-02-24 00:00:00,APPROVED,2026-02-24 00:00:00,0,ROCKY BRANDS  INC,58TH TRS,1960 EILEEN AVE SE BLDG 957,,,KIRTLAND AFB,NM,87116,US,2006-07-01 00:00:00,,2026-07-30 00:00:00,2026-03-26 00:00:00,ADS_SCHEDULED_REQS,"MORIN-WRIGHT, ALISON",2026-02-24 00:00:00,3,9390556,4,4,0,817.8,204.45,CLOSED,7298064,14111,8707881,RKC055-14M,COLD WEATHER S2V- COYOTE BROWN- INSULATED/WATER PROOF- LEATHER INSTEP -SIZE 14ME,Each,517537950948,18-MAR-26,2026-04-14 00:00:00,STANDARD,4,2026-08-06 00:00:00,2026-03-11 00:00:00,1337197,2026-03-12 00:00:00,G974275,,EXTERNAL,P,0015,3.1.1
1509338,0,2026-02-24 00:00:00,APPROVED,2026-02-24 00:00:00,0,ROCKY BRANDS  INC,58TH TRS,1960 EILEEN AVE SE BLDG 957,,,KIRTLAND AFB,NM,87116,US,2006-07-01 00:00:00,,,2026-03-26 00:00:00,ADS_SCHEDULED_REQS,"MORIN-WRIGHT, ALISON",2026-02-24 00:00:00,2,9390555,4,0,0,0,204.45,OPEN,7298064,14111,8707898,RKC055-15.5W-14111,S2V COLD WEATHER 400G COYOTE BROWN 15.5 WIDE,Each,,,,STANDARD,0,,,1337197,2026-02-26 00:00:00,CASE PENDING,SALES ISSUE,EXTERNAL,P,0022,2.1.1
1509338,0,2026-02-24 00:00:00,APPROVED,2026-02-24 00:00:00,0,ROCKY BRANDS  INC,58TH TRS,1960 EILEEN AVE SE BLDG 957,,,KIRTLAND AFB,NM,87116,US,2006-07-01 00:00:00,,2026-04-14 00:00:00,2026-03-26 00:00:00,ADS_SCHEDULED_REQS,"MORIN-WRIGHT, ALISON",2026-02-24 00:00:00,15,9390568,4,2,0,408.9,204.45,OPEN,7298064,14111,8707882,RKC055-9WI,S2V  COLD WEATHER  400G  LEATHER INSTEP  COYOTE BROWN  9WI,Each,771250326902,17-MAR-26,2026-04-14 00:00:00,STANDARD,2,2026-04-21 00:00:00,2026-03-02 00:00:00,1337197,2026-03-12 00:00:00,G974275,,EXTERNAL,P,"0033, 0033",15.1.1
1509338,0,2026-02-24 00:00:00,APPROVED,2026-02-24 00:00:00,0,ROCKY BRANDS  INC,58TH TRS,1960 EILEEN AVE SE BLDG 957,,,KIRTLAND AFB,NM,87116,US,2006-07-01 00:00:00,,2026-06-25 00:00:00,2026-03-26 00:00:00,ADS_SCHEDULED_REQS,"MORIN-WRIGHT, ALISON",2026-02-24 00:00:00,17,9390570,4,4,0,817.8,204.45,CLOSED,7298064,14111,8707905,RKC055-8M,COLD WEATHER S2V- COYOTE BROWN- INSULATED/WATER PROOF- LEATHER INSTEP -SIZE 8ME,Each,771250326902,17-MAR-26,2026-06-25 00:00:00,STANDARD,4,2026-07-02 00:00:00,2026-03-02 00:00:00,1337197,2026-03-05 00:00:00,G974275,,EXTERNAL,P,0029,17.1.1
1509338,0,2026-02-24 00:00:00,APPROVED,2026-02-24 00:00:00,0,ROCKY BRANDS  INC,58TH TRS,1960 EILEEN AVE SE BLDG 957,,,KIRTLAND AFB,NM,87116,US,2006-07-01 00:00:00,,2026-06-25 00:00:00,2026-03-26 00:00:00,ADS_SCHEDULED_REQS,"MORIN-WRIGHT, ALISON",2026-02-24 00:00:00,18,9390571,4,4,0,817.8,204.45,CLOSED,7298064,14111,8707912,RKC055-13.5M,COLD WEATHER S2V- COYOTE BROWN- INSULATED/WATER PROOF- LEATHER INSTEP -SIZE 13.5ME,Each,771250326902,17-MAR-26,2026-06-25 00:00:00,STANDARD,4,2026-07-02 00:00:00,2026-03-02 00:00:00,1337197,2026-03-05 00:00:00,G974275,,EXTERNAL,P,0013,18.1.1
1509338,0,2026-02-24 00:00:00,APPROVED,2026-02-24 00:00:00,0,ROCKY BRANDS  INC,58TH TRS,1960 EILEEN AVE SE BLDG 957,,,KIRTLAND AFB,NM,87116,US,2006-07-01 00:00:00,,2026-06-25 00:00:00,2026-03-26 00:00:00,ADS_SCHEDULED_REQS,"MORIN-WRIGHT, ALISON",2026-02-24 00:00:00,31,9390584,4,4,0,817.8,204.45,CLOSED,7298064,14111,8707879,RKC055-8.5WI,S2V  COLD WEATHER  400G  LEATHER INSTEP  COYOTE BROWN  8.5WI,Each,771250326902,17-MAR-26,2026-06-25 00:00:00,STANDARD,4,2026-07-02 00:00:00,2026-03-02 00:00:00,1337197,2026-03-05 00:00:00,G974275,,EXTERNAL,P,0032,31.1.1
1509338,0,2026-02-24 00:00:00,APPROVED,2026-02-24 00:00:00,0,ROCKY BRANDS  INC,58TH TRS,1960 EILEEN AVE SE BLDG 957,,,KIRTLAND AFB,NM,87116,US,2006-07-01 00:00:00,,2026-06-25 00:00:00,2026-03-26 00:00:00,ADS_SCHEDULED_REQS,"MORIN-WRIGHT, ALISON",2026-02-24 00:00:00,25,9390578,4,4,0,817.8,204.45,CLOSED,7298064,14111,8707899,RKC055-7.5W,S2V  COLD WEATHER  400G  LEATHER INSTEP  COYOTE BROWN  7.5WI,Each,771250326902,17-MAR-26,2026-06-25 00:00:00,STANDARD,4,2026-07-02 00:00:00,2026-03-02 00:00:00,1337197,2026-03-05 00:00:00,G974275,,EXTERNAL,P,0023,25.1.1
1509338,0,2026-02-24 00:00:00,APPROVED,2026-02-24 00:00:00,0,ROCKY BRANDS  INC,58TH TRS,1960 EILEEN AVE SE BLDG 957,,,KIRTLAND AFB,NM,87116,US,2006-07-01 00:00:00,,2026-06-25 00:00:00,2026-03-26 00:00:00,ADS_SCHEDULED_REQS,"MORIN-WRIGHT, ALISON",2026-02-24 00:00:00,28,9390581,4,4,0,817.8,204.45,CLOSED,7298064,14111,8707884,RKC055-11ME,S2V  COLD WEATHER  400G  LEATHER INSTEP  COYOTE BROWN  11ME,Each,771250326902,17-MAR-26,2026-06-25 00:00:00,STANDARD,4,2026-07-02 00:00:00,2026-03-02 00:00:00,1337197,2026-03-05 00:00:00,G974275,,EXTERNAL,P,0004,28.1.1
1509338,0,2026-02-24 00:00:00,APPROVED,2026-02-24 00:00:00,0,ROCKY BRANDS  INC,58TH TRS,1960 EILEEN AVE SE BLDG 957,,,KIRTLAND AFB,NM,87116,US,2006-07-01 00:00:00,,2026-07-30 00:00:00,2026-03-26 00:00:00,ADS_SCHEDULED_REQS,"MORIN-WRIGHT, ALISON",2026-02-24 00:00:00,21,9390574,4,4,0,817.8,204.45,CLOSED,7298064,14111,8707909,RKC055-13M,COLD WEATHER S2V- COYOTE BROWN- INSULATED/WATER PROOF- LEATHER INSTEP -SIZE 13ME,Each,517537950948,18-MAR-26,2026-04-14 00:00:00,STANDARD,4,2026-08-06 00:00:00,2026-03-11 00:00:00,1337197,2026-03-12 00:00:00,G974275,,EXTERNAL,P,0010,21.1.1
1509338,0,2026-02-24 00:00:00,APPROVED,2026-02-24 00:00:00,0,ROCKY BRANDS  INC,58TH TRS,1960 EILEEN AVE SE BLDG 957,,,KIRTLAND AFB,NM,87116,US,2006-07-01 00:00:00,,2026-06-25 00:00:00,2026-03-26 00:00:00,ADS_SCHEDULED_REQS,"MORIN-WRIGHT, ALISON",2026-02-24 00:00:00,1,9390554,4,4,0,817.8,204.45,CLOSED,7298064,14111,8707880,RKC055-13.5WI,S2V  COLD WEATHER  400G  LEATHER INSTEP  COYOTE BROWN  13.5WI,Each,771250326902,17-MAR-26,2026-06-25 00:00:00,STANDARD,4,2026-07-02 00:00:00,2026-03-02 00:00:00,1337197,2026-03-05 00:00:00,G974275,,EXTERNAL,P,0014,1.1.1
1509338,0,2026-02-24 00:00:00,APPROVED,2026-02-24 00:00:00,0,ROCKY BRANDS  INC,58TH TRS,1960 EILEEN AVE SE BLDG 957,,,KIRTLAND AFB,NM,87116,US,2006-07-01 00:00:00,,2026-06-25 00:00:00,2026-03-26 00:00:00,ADS_SCHEDULED_REQS,"MORIN-WRIGHT, ALISON",2026-02-24 00:00:00,8,9390561,4,4,0,817.8,204.45,CLOSED,7298064,14111,8707888,RKC055-14WI,S2V  COLD WEATHER  400G  LEATHER INSTEP  COYOTE BROWN  14WI,Each,771250326902,17-MAR-26,2026-06-25 00:00:00,STANDARD,4,2026-07-02 00:00:00,2026-03-02 00:00:00,1337197,2026-03-05 00:00:00,G974275,,EXTERNAL,P,0016,8.1.1
1509338,0,2026-02-24 00:00:00,APPROVED,2026-02-24 00:00:00,0,ROCKY BRANDS  INC,58TH TRS,1960 EILEEN AVE SE BLDG 957,,,KIRTLAND AFB,NM,87116,US,2006-07-01 00:00:00,,2026-06-25 00:00:00,2026-03-26 00:00:00,ADS_SCHEDULED_REQS,"MORIN-WRIGHT, ALISON",2026-02-24 00:00:00,29,9390582,4,4,0,817.8,204.45,CLOSED,7298064,14111,8707889,RKC055-11W,S2V  COLD WEATHER  400G  LEATHER INSTEP  COYOTE BROWN  11WI,Each,771250326902,17-MAR-26,2026-06-25 00:00:00,STANDARD,4,2026-07-02 00:00:00,2026-03-02 00:00:00,1337197,2026-03-05 00:00:00,G974275,,EXTERNAL,P,0005,29.1.1
1509338,0,2026-02-24 00:00:00,APPROVED,2026-02-24 00:00:00,0,ROCKY BRANDS  INC,58TH TRS,1960 EILEEN AVE SE BLDG 957,,,KIRTLAND AFB,NM,87116,US,2006-07-01 00:00:00,,2026-06-25 00:00:00,2026-03-26 00:00:00,ADS_SCHEDULED_REQS,"MORIN-WRIGHT, ALISON",2026-02-24 00:00:00,30,9390583,4,4,0,817.8,204.45,CLOSED,7298064,14111,8707891,RKC055-12W,S2V  COLD WEATHER  400G  LEATHER INSTEP  COYOTE BROWN  12WI,Each,771250326902,17-MAR-26,2026-06-25 00:00:00,STANDARD,4,2026-07-02 00:00:00,2026-03-02 00:00:00,1337197,2026-03-05 00:00:00,G974275,,EXTERNAL,P,0007,30.1.1
1509338,0,2026-02-24 00:00:00,APPROVED,2026-02-24 00:00:00,0,ROCKY BRANDS  INC,58TH TRS,1960 EILEEN AVE SE BLDG 957,,,KIRTLAND AFB,NM,87116,US,2006-07-01 00:00:00,,2026-06-30 00:00:00,2026-03-26 00:00:00,ADS_SCHEDULED_REQS,"MORIN-WRIGHT, ALISON",2026-02-24 00:00:00,22,9390575,4,1,0,204.45,204.45,OPEN,7298064,14111,8707911,RKC055-7.5M,COLD WEATHER S2V- COYOTE BROWN- INSULATED/WATER PROOF- LEATHER INSTEP -SIZE 7.5ME,Each,517537950948,18-MAR-26,2026-06-20 00:00:00,STANDARD,1,2026-07-07 00:00:00,2026-03-11 00:00:00,1337197,2026-03-12 00:00:00,G974275,,EXTERNAL,P,"0012, 0012",22.1.1
1509338,0,2026-02-24 00:00:00,APPROVED,2026-02-24 00:00:00,0,ROCKY BRANDS  INC,58TH TRS,1960 EILEEN AVE SE BLDG 957,,,KIRTLAND AFB,NM,87116,US,2006-07-01 00:00:00,,2026-06-25 00:00:00,2026-03-26 00:00:00,ADS_SCHEDULED_REQS,"MORIN-WRIGHT, ALISON",2026-02-24 00:00:00,4,9390557,4,4,0,817.8,204.45,CLOSED,7298064,14111,8707883,RKC055-9.5WI,S2V  COLD WEATHER  400G  LEATHER INSTEP  COYOTE BROWN  9.5WI,Each,771250326902,17-MAR-26,2026-06-25 00:00:00,STANDARD,4,2026-07-02 00:00:00,2026-03-02 00:00:00,1337197,2026-03-05 00:00:00,G974275,,EXTERNAL,P,0034,4.1.1
1509338,0,2026-02-24 00:00:00,APPROVED,2026-02-24 00:00:00,0,ROCKY BRANDS  INC,58TH TRS,1960 EILEEN AVE SE BLDG 957,,,KIRTLAND AFB,NM,87116,US,2006-07-01 00:00:00,,2026-06-25 00:00:00,2026-03-26 00:00:00,ADS_SCHEDULED_REQS,"MORIN-WRIGHT, ALISON",2026-02-24 00:00:00,7,9390560,4,4,0,817.8,204.45,CLOSED,7298064,14111,8707902,RKC055-6.5M,COLD WEATHER S2V- COYOTE BROWN- INSULATED/WATER PROOF- LEATHER INSTEP -SIZE 6.5ME,Each,771250326902,17-MAR-26,2026-06-25 00:00:00,STANDARD,4,2026-07-02 00:00:00,2026-03-02 00:00:00,1337197,2026-03-05 00:00:00,G974275,,EXTERNAL,P,0026,7.1.1
1509338,0,2026-02-24 00:00:00,APPROVED,2026-02-24 00:00:00,0,ROCKY BRANDS  INC,58TH TRS,1960 EILEEN AVE SE BLDG 957,,,KIRTLAND AFB,NM,87116,US,2006-07-01 00:00:00,,2026-06-25 00:00:00,2026-03-26 00:00:00,ADS_SCHEDULED_REQS,"MORIN-WRIGHT, ALISON",2026-02-24 00:00:00,12,9390565,4,4,0,817.8,204.45,CLOSED,7298064,14111,8707903,RKC055-6.5WI,S2V  COLD WEATHER  400G  LEATHER INSTEP  COYOTE BROWN  6.5WI,Each,771250326902,17-MAR-26,2026-06-25 00:00:00,STANDARD,4,2026-07-02 00:00:00,2026-03-02 00:00:00,1337197,2026-03-05 00:00:00,G974275,,EXTERNAL,P,0027,12.1.1
1509338,0,2026-02-24 00:00:00,APPROVED,2026-02-24 00:00:00,0,ROCKY BRANDS  INC,58TH TRS,1960 EILEEN AVE SE BLDG 957,,,KIRTLAND AFB,NM,87116,US,2006-07-01 00:00:00,,2026-06-25 00:00:00,2026-03-26 00:00:00,ADS_SCHEDULED_REQS,"MORIN-WRIGHT, ALISON",2026-02-24 00:00:00,27,9390580,4,4,0,817.8,204.45,CLOSED,7298064,14111,8707908,RKC055-7W,S2V  COLD WEATHER  400G  LEATHER INSTEP  COYOTE BROWN  7WI,Each,771250326902,17-MAR-26,2026-06-25 00:00:00,STANDARD,4,2026-07-02 00:00:00,2026-03-02 00:00:00,1337197,2026-03-05 00:00:00,G974275,,EXTERNAL,P,0001,27.1.1
1509338,0,2026-02-24 00:00:00,APPROVED,2026-02-24 00:00:00,0,ROCKY BRANDS  INC,58TH TRS,1960 EILEEN AVE SE BLDG 957,,,KIRTLAND AFB,NM,87116,US,2006-07-01 00:00:00,,2026-06-25 00:00:00,2026-03-26 00:00:00,ADS_SCHEDULED_REQS,"MORIN-WRIGHT, ALISON",2026-02-24 00:00:00,11,9390564,4,4,0,817.8,204.45,CLOSED,7298064,14111,8707897,RKC055-12.5WI,S2V  COLD WEATHER  400G  LEATHER INSTEP  COYOTE BROWN  12.5WI,Each,771250326902,17-MAR-26,2026-06-25 00:00:00,STANDARD,4,2026-07-02 00:00:00,2026-03-02 00:00:00,1337197,2026-03-05 00:00:00,G974275,,EXTERNAL,P,0009,11.1.1
1509338,0,2026-02-24 00:00:00,APPROVED,2026-02-24 00:00:00,0,ROCKY BRANDS  INC,58TH TRS,1960 EILEEN AVE SE BLDG 957,,,KIRTLAND AFB,NM,87116,US,2006-07-01 00:00:00,,2026-06-25 00:00:00,2026-03-26 00:00:00,ADS_SCHEDULED_REQS,"MORIN-WRIGHT, ALISON",2026-02-24 00:00:00,13,9390566,4,4,0,817.8,204.45,CLOSED,7298064,14111,8707904,RKC055-7ME,S2V  COLD WEATHER  400G  LEATHER INSTEP  COYOTE BROWN  7ME,Each,771250326902,17-MAR-26,2026-06-25 00:00:00,STANDARD,4,2026-07-02 00:00:00,2026-03-02 00:00:00,1337197,2026-03-05 00:00:00,G974275,,EXTERNAL,P,0028,13.1.1
1509338,0,2026-02-24 00:00:00,APPROVED,2026-02-24 00:00:00,0,ROCKY BRANDS  INC,58TH TRS,1960 EILEEN AVE SE BLDG 957,,,KIRTLAND AFB,NM,87116,US,2006-07-01 00:00:00,,2026-06-25 00:00:00,2026-03-26 00:00:00,ADS_SCHEDULED_REQS,"MORIN-WRIGHT, ALISON",2026-02-24 00:00:00,33,9390586,4,4,0,817.8,204.45,CLOSED,7298064,14111,8707907,RKC055-8WI,S2V  COLD WEATHER  400G  LEATHER INSTEP  COYOTE BROWN  8WI,Each,771250326902,17-MAR-26,2026-06-25 00:00:00,STANDARD,4,2026-07-02 00:00:00,2026-03-02 00:00:00,1337197,2026-03-05 00:00:00,G974275,,EXTERNAL,P,0030,33.1.1
1509338,0,2026-02-24 00:00:00,APPROVED,2026-02-24 00:00:00,0,ROCKY BRANDS  INC,58TH TRS,1960 EILEEN AVE SE BLDG 957,,,KIRTLAND AFB,NM,87116,US,2006-07-01 00:00:00,,2026-06-25 00:00:00,2026-03-26 00:00:00,ADS_SCHEDULED_REQS,"MORIN-WRIGHT, ALISON",2026-02-24 00:00:00,34,9390587,4,4,0,817.8,204.45,CLOSED,7298064,14111,8707910,RKC055-13WI,S2V  COLD WEATHER  400G  LEATHER INSTEP  COYOTE BROWN  13WI,Each,771250326902,17-MAR-26,2026-06-25 00:00:00,STANDARD,4,2026-07-02 00:00:00,2026-03-02 00:00:00,1337197,2026-03-05 00:00:00,G974275,,EXTERNAL,P,0011,34.1.1
1509338,0,2026-02-24 00:00:00,APPROVED,2026-02-24 00:00:00,0,ROCKY BRANDS  INC,58TH TRS,1960 EILEEN AVE SE BLDG 957,,,KIRTLAND AFB,NM,87116,US,2006-07-01 00:00:00,,,2026-03-26 00:00:00,ADS_SCHEDULED_REQS,"MORIN-WRIGHT, ALISON",2026-02-24 00:00:00,10,9390563,4,0,0,0,204.45,OPEN,7298064,14111,8707896,RKC055-15.5M-14111,S2V COLD WEATHER 400G COYOTE BROWN 15.5,Each,,,,STANDARD,0,,,1337197,2026-02-26 00:00:00,CASE PENDING,SALES ISSUE,EXTERNAL,P,0021,10.1.1
1509338,0,2026-02-24 00:00:00,APPROVED,2026-02-24 00:00:00,0,ROCKY BRANDS  INC,58TH TRS,1960 EILEEN AVE SE BLDG 957,,,KIRTLAND AFB,NM,87116,US,2006-07-01 00:00:00,,2026-06-25 00:00:00,2026-03-26 00:00:00,ADS_SCHEDULED_REQS,"MORIN-WRIGHT, ALISON",2026-02-24 00:00:00,20,9390573,4,4,0,817.8,204.45,CLOSED,7298064,14111,8707895,RKC055-15WI,S2V  COLD WEATHER  400G  LEATHER INSTEP  COYOTE BROWN  15WI,Each,771250326902,17-MAR-26,2026-06-25 00:00:00,STANDARD,4,2026-07-02 00:00:00,2026-03-02 00:00:00,1337197,2026-03-05 00:00:00,G974275,,EXTERNAL,P,0020,20.1.1
1509338,0,2026-02-24 00:00:00,APPROVED,2026-02-24 00:00:00,0,ROCKY BRANDS  INC,58TH TRS,1960 EILEEN AVE SE BLDG 957,,,KIRTLAND AFB,NM,87116,US,2006-07-01 00:00:00,,2026-06-25 00:00:00,2026-03-26 00:00:00,ADS_SCHEDULED_REQS,"MORIN-WRIGHT, ALISON",2026-02-24 00:00:00,24,9390577,4,4,0,817.8,204.45,CLOSED,7298064,14111,8707887,RKC055-15M,COLD WEATHER S2V- COYOTE BROWN- INSULATED/WATER PROOF- LEATHER INSTEP -SIZE 15ME,Each,771250326902,17-MAR-26,2026-06-25 00:00:00,STANDARD,4,2026-07-02 00:00:00,2026-03-02 00:00:00,1337197,2026-03-05 00:00:00,G974275,,EXTERNAL,P,0019,24.1.1
1509338,0,2026-02-24 00:00:00,APPROVED,2026-02-24 00:00:00,0,ROCKY BRANDS  INC,58TH TRS,1960 EILEEN AVE SE BLDG 957,,,KIRTLAND AFB,NM,87116,US,2006-07-01 00:00:00,,2026-06-25 00:00:00,2026-03-26 00:00:00,ADS_SCHEDULED_REQS,"MORIN-WRIGHT, ALISON",2026-02-24 00:00:00,26,9390579,4,4,0,817.8,204.45,CLOSED,7298064,14111,8707890,RKC055-11.5WI,S2V  COLD WEATHER  400G  LEATHER INSTEP  COYOTE BROWN  11.5WI,Each,771250326902,17-MAR-26,2026-06-25 00:00:00,STANDARD,4,2026-07-02 00:00:00,2026-03-02 00:00:00,1337197,2026-03-05 00:00:00,G974275,,EXTERNAL,P,0006,26.1.1
1509338,0,2026-02-24 00:00:00,APPROVED,2026-02-24 00:00:00,0,ROCKY BRANDS  INC,58TH TRS,1960 EILEEN AVE SE BLDG 957,,,KIRTLAND AFB,NM,87116,US,2006-07-01 00:00:00,,,2026-03-26 00:00:00,ADS_SCHEDULED_REQS,"MORIN-WRIGHT, ALISON",2026-02-24 00:00:00,6,9390559,4,0,0,0,204.45,OPEN,7298064,14111,8707886,RKC055-14.5W,S2V COLD WEATHER 400G LEATHER INSTEP COYOTE BROWN14.5W,Each,,,,STANDARD,0,,,1337197,2026-02-26 00:00:00,CASE PENDING,SALES ISSUE,EXTERNAL,P,0018,6.1.1
1509338,0,2026-02-24 00:00:00,APPROVED,2026-02-24 00:00:00,0,ROCKY BRANDS  INC,58TH TRS,1960 EILEEN AVE SE BLDG 957,,,KIRTLAND AFB,NM,87116,US,2006-07-01 00:00:00,,2026-04-14 00:00:00,2026-03-26 00:00:00,ADS_SCHEDULED_REQS,"MORIN-WRIGHT, ALISON",2026-02-24 00:00:00,23,9390576,4,0,0,0,204.45,OPEN,7298064,14111,8707906,RKC055-10W,S2V  COLD WEATHER  400G  LEATHER INSTEP  COYOTE BROWN  10WI,Each,,,2026-04-14 00:00:00,STANDARD,0,2026-04-21 00:00:00,2026-03-11 00:00:00,1337197,2026-03-12 00:00:00,G974275,,EXTERNAL,P,0003,23.1.1
1509338,0,2026-02-24 00:00:00,APPROVED,2026-02-24 00:00:00,0,ROCKY BRANDS  INC,58TH TRS,1960 EILEEN AVE SE BLDG 957,,,KIRTLAND AFB,NM,87116,US,2006-07-01 00:00:00,,2026-06-25 00:00:00,2026-03-26 00:00:00,ADS_SCHEDULED_REQS,"MORIN-WRIGHT, ALISON",2026-02-24 00:00:00,9,9390562,4,4,0,817.8,204.45,CLOSED,7298064,14111,8707892,RKC055-12.5ME,S2V  COLD WEATHER  400G  LEATHER INSTEP  COYOTE BROWN  12.5ME,Each,771250326902,17-MAR-26,2026-06-25 00:00:00,STANDARD,4,2026-07-02 00:00:00,2026-03-02 00:00:00,1337197,2026-03-05 00:00:00,G974275,,EXTERNAL,P,0008,9.1.1
1509338,0,2026-02-24 00:00:00,APPROVED,2026-02-24 00:00:00,0,ROCKY BRANDS  INC,58TH TRS,1960 EILEEN AVE SE BLDG 957,,,KIRTLAND AFB,NM,87116,US,2006-07-01 00:00:00,,2026-06-25 00:00:00,2026-03-26 00:00:00,ADS_SCHEDULED_REQS,"MORIN-WRIGHT, ALISON",2026-02-24 00:00:00,14,9390567,4,4,0,817.8,204.45,CLOSED,7298064,14111,8707900,RKC055-5.5W,S2V  COLD WEATHER  400G  LEATHER INSTEP  COYOTE BROWN  5.5WI,Each,771250326902,17-MAR-26,2026-06-25 00:00:00,STANDARD,4,2026-07-02 00:00:00,2026-03-02 00:00:00,1337197,2026-03-05 00:00:00,G974275,,EXTERNAL,P,0025,14.1.1
1509338,0,2026-02-24 00:00:00,APPROVED,2026-02-24 00:00:00,0,ROCKY BRANDS  INC,58TH TRS,1960 EILEEN AVE SE BLDG 957,,,KIRTLAND AFB,NM,87116,US,2006-07-01 00:00:00,,2026-06-25 00:00:00,2026-03-26 00:00:00,ADS_SCHEDULED_REQS,"MORIN-WRIGHT, ALISON",2026-02-24 00:00:00,16,9390569,4,4,0,817.8,204.45,CLOSED,7298064,14111,8707894,RKC055-10ME,S2V  COLD WEATHER  400G  LEATHER INSTEP  COYOTE BROWN  10ME,Each,771250326902,17-MAR-26,2026-06-25 00:00:00,STANDARD,4,2026-07-02 00:00:00,2026-03-02 00:00:00,1337197,2026-03-05 00:00:00,G974275,,EXTERNAL,P,0002,16.1.1
1509338,0,2026-02-24 00:00:00,APPROVED,2026-02-24 00:00:00,0,ROCKY BRANDS  INC,58TH TRS,1960 EILEEN AVE SE BLDG 957,,,KIRTLAND AFB,NM,87116,US,2006-07-01 00:00:00,,,2026-03-26 00:00:00,ADS_SCHEDULED_REQS,"MORIN-WRIGHT, ALISON",2026-02-24 00:00:00,5,9390558,4,0,0,0,204.45,OPEN,7298064,14111,8707885,RKC055-14.5M,S2V COLD WEATHER 400G LEATHER INSTEP COYOTE BROWN14.5M,Each,,,,STANDARD,0,,,1337197,2026-02-26 00:00:00,CASE PENDING,SALES ISSUE,EXTERNAL,P,0017,5.1.1
1509451,0,2026-02-25 00:00:00,APPROVED CLOSED,2026-02-25 00:00:00,0,BOSTON SCIENTIFIC CORPORATION,DLA TROOP SUPPORT,"ACH BLANCHFIELD CAMPBELL - PA ",2434 20TH STREET BLANCHFIELD ARMY COMMUNITY HOSPITAL,,FORT CAMPBELL,KY,422235349,US,2025-04-24 00:00:00,,,2026-04-01 00:00:00,ADS_SCHEDULED_REQS,"MORIN-WRIGHT, ALISON",2026-02-27 00:00:00,1,9391121,5,5,0,5750,1150,CLOSED,7298177,7478483,8708186,50050-BS,BULKAMID URETHRAL BULKING SYS 2ML US.CAN,Each,515381783747,28-FEB-26,,STANDARD,5,,,1337849,,,,EXTERNAL,P,0001,1.1.1
1513055,2,2026-03-13 00:00:00,APPROVED,2026-03-17 00:00:00,2,INTERSURGICAL INC.,ADS AVIATOR-1 WAREHOUSE AVA,2505 AVIATOR DR,,,VIRGINIA BEACH,VA,23453-3152,US,2015-02-25 00:00:00,2026-03-16 00:00:00,2026-03-17 00:00:00,2026-02-26 00:00:00,BEVERETTE,"EVERETTE, BRENNA",2026-03-17 00:00:00,1,9402114,1,0,0,0,154.75,OPEN,7302138,2731473,8714215,8008000,I-VIEW VIDEO LARYNGOSCOPE QTY 2,Each,RADIANT (1) 1ZK583950329830194,16-MAR-26,2026-03-17 00:00:00,STANDARD,0,,2026-03-13 00:00:00,1341732,,,,INTERNAL,P,,1.1.1
1513233,3,2026-03-13 00:00:00,APPROVED,2026-03-17 00:00:00,3,DANNER,VF IMAGEWEAR INC,800 SOUTH MAIN STREET,,,HENNING,TN,38041,US,2006-07-01 00:00:00,2026-03-17 00:00:00,2026-03-24 00:00:00,2026-04-09 00:00:00,ADS_SCHEDULED_REQS,"MORIN-WRIGHT, ALISON",2026-03-17 00:00:00,1,9402841,1,0,0,0,211.5,OPEN,7302316,14694,8714366,30800-11M,MOUNTAIN LIGHT II 5IN BROWN; SIZE 11M,Each,RADIANT (1) 1ZK583950330730405,17-MAR-26,2026-03-24 00:00:00,STANDARD,0,2026-03-31 00:00:00,2026-03-16 00:00:00,1341989,2026-03-16 00:00:00,,,EXTERNAL,P,0007,1.1.1
1513233,3,2026-03-13 00:00:00,APPROVED,2026-03-17 00:00:00,3,DANNER,VF IMAGEWEAR INC,800 SOUTH MAIN STREET,,,HENNING,TN,38041,US,2006-07-01 00:00:00,2026-03-17 00:00:00,2026-03-24 00:00:00,2026-04-09 00:00:00,ADS_SCHEDULED_REQS,"MORIN-WRIGHT, ALISON",2026-03-17 00:00:00,5,9402845,1,0,0,0,211.5,OPEN,7302316,14694,8714561,30800-8.5M,MOUNTAIN LIGHT II 5IN BROWN; SIZE 8.5M,Each,,,2026-03-24 00:00:00,STANDARD,0,2026-03-31 00:00:00,2026-03-16 00:00:00,1341989,2026-03-16 00:00:00,,,EXTERNAL,P,0004,5.1.1
1513233,3,2026-03-13 00:00:00,APPROVED,2026-03-17 00:00:00,3,DANNER,VF IMAGEWEAR INC,800 SOUTH MAIN STREET,,,HENNING,TN,38041,US,2006-07-01 00:00:00,2026-03-17 00:00:00,2026-03-16 00:00:00,2026-04-09 00:00:00,ADS_SCHEDULED_REQS,"MORIN-WRIGHT, ALISON",2026-03-17 00:00:00,2,9402842,3,3,0,634.5,211.5,CLOSED,7302316,14694,8714368,30800-7.5M,MOUNTAIN LIGHT II 5IN BROWN; SIZE 7.5M,Each,RADIANT (3) 1ZK583950328998524,16-MAR-26,2026-03-16 00:00:00,STANDARD,3,2026-03-23 00:00:00,2026-03-16 00:00:00,1341989,2026-03-16 00:00:00,,,EXTERNAL,P,0002,2.1.1
1513233,3,2026-03-13 00:00:00,APPROVED,2026-03-17 00:00:00,3,DANNER,VF IMAGEWEAR INC,800 SOUTH MAIN STREET,,,HENNING,TN,38041,US,2006-07-01 00:00:00,2026-03-17 00:00:00,2026-03-16 00:00:00,2026-04-09 00:00:00,ADS_SCHEDULED_REQS,"MORIN-WRIGHT, ALISON",2026-03-17 00:00:00,6,9402846,2,2,0,423,211.5,CLOSED,7302316,14694,8714459,30800-9.5M,MOUNTAIN LIGHT II 5IN BROWN; SIZE 9.5M,Each,RADIANT (2) 1ZK583950328998524,16-MAR-26,2026-03-16 00:00:00,STANDARD,2,2026-03-23 00:00:00,2026-03-16 00:00:00,1341989,2026-03-16 00:00:00,,,EXTERNAL,P,0005,6.1.1
1513233,3,2026-03-13 00:00:00,APPROVED,2026-03-17 00:00:00,3,DANNER,VF IMAGEWEAR INC,800 SOUTH MAIN STREET,,,HENNING,TN,38041,US,2006-07-01 00:00:00,2026-03-17 00:00:00,2026-03-16 00:00:00,2026-04-09 00:00:00,ADS_SCHEDULED_REQS,"MORIN-WRIGHT, ALISON",2026-03-17 00:00:00,7,9402847,1,1,0,211.5,211.5,CLOSED,7302316,14694,8714367,30800-7M,MOUNTAIN LIGHT II 5IN BROWN; SIZE 7M,Each,RADIANT (1) 1ZK583950328998524,16-MAR-26,2026-03-16 00:00:00,STANDARD,1,2026-03-23 00:00:00,2026-03-16 00:00:00,1341989,2026-03-16 00:00:00,,,EXTERNAL,P,0001,7.1.1
1513233,3,2026-03-13 00:00:00,APPROVED,2026-03-17 00:00:00,3,DANNER,VF IMAGEWEAR INC,800 SOUTH MAIN STREET,,,HENNING,TN,38041,US,2006-07-01 00:00:00,2026-03-17 00:00:00,2026-03-16 00:00:00,2026-04-09 00:00:00,ADS_SCHEDULED_REQS,"MORIN-WRIGHT, ALISON",2026-03-17 00:00:00,4,9402844,1,1,0,211.5,211.5,CLOSED,7302316,14694,8714369,30800-10M,MOUNTAIN LIGHT II 5IN BROWN; SIZE 10M,Each,RADIANT (1) 1ZK583950328998524,16-MAR-26,2026-03-16 00:00:00,STANDARD,1,2026-03-23 00:00:00,2026-03-16 00:00:00,1341989,2026-03-16 00:00:00,,,EXTERNAL,P,0006,4.1.1
1513233,3,2026-03-13 00:00:00,APPROVED,2026-03-17 00:00:00,3,DANNER,VF IMAGEWEAR INC,800 SOUTH MAIN STREET,,,HENNING,TN,38041,US,2006-07-01 00:00:00,2026-03-17 00:00:00,2026-03-16 00:00:00,2026-04-09 00:00:00,ADS_SCHEDULED_REQS,"MORIN-WRIGHT, ALISON",2026-03-17 00:00:00,3,9402843,2,1,0,211.5,211.5,OPEN,7302316,14694,8714560,30800-8M,MOUNTAIN LIGHT II 5IN BROWN; SIZE 8M,Each,RADIANT (1) 1ZK583950328998524,16-MAR-26,2026-03-16 00:00:00,STANDARD,1,2026-03-23 00:00:00,2026-03-16 00:00:00,1341989,2026-03-16 00:00:00,,,EXTERNAL,P,"0003, 0003",3.1.1
